mp_id,mp_x,mp_y,mp_z,descriptor_hex,observations
461,-0.031088,0.053954,0.203553,"72eb50ee3d855aa88b88b14b6fd95d94bae9d5c34e238afdbbdc89bb7f074a0f","629;630;632;733"
455,-0.021210,0.059833,0.203676,"079efdfbfcadfeb7bf1bdb73fcff9c69effb7fd7f278cbf7bcbe7ec294dba1a9","629;630;672;717"
771,-0.069715,0.059142,0.206153,"5a416ae55612ec2761809682190b14637a841ff9d8b9a5cc77e9bec12788f008","629;630;632;639;640;643;644;663;672;696;717;731;733;1952;1954;1957;1959;1962;1963"
773,-0.072113,0.058573,0.206612,"03bd1bf974adb077fc097a70bc9b2060a63b171193b800df2d343ac2d800a1ab","0;629;630;632;639;640;643;644;731;733;1952;1954;1957;1961;1962"
442,-0.032289,0.053218,0.202432,"66a972ee7d81dae88b80b10b6cda7d929ef175e34a238afd99d88bbb55236307","629;630;632"
758,-0.062508,0.062846,0.199003,"06c0069b45e1a2c49e11e31364c26ccdf8c92ad316f71af115309a4b911bb986","0;629;630;632;663;672;696;717;1952"
573,-0.006084,-0.046663,0.134635,"cf9a7ef2effdfdf2ed7eb6bf9d9ef6afafb3ffc7956d3ef0dfdbfff35fdddd77","0;629;632;639;663;672;717;1952;1954;1957;1959;1961;1962"
410,0.029184,0.064903,0.184791,"3bdd628d5796bef75d404cc729ee36e47eab93c5c59b34ff366c8e003f9ef9dc","630;632;639;733;1952;1954"
476,-0.030494,0.058593,0.203687,"5d471565b00e4fb860e8bb44d773897316446c6ee990492ce0af259460f34221","630;639;644"
480,-0.032076,0.059608,0.207755,"d8589ff4086c1526a8bea618b7b7415ba1756d00684db32ad1e37c110070076a","629;632;639;1961;1962"
764,-0.025043,0.064497,0.197492,"0b2a16e96c8cb843ad19fa629c9ad4c0ee397f91029ac3d11438bac015086189","0;629;632;639;640;643;663;731"
754,-0.069711,0.062015,0.191286,"0c1edef7e57a6517f5d77714df2303df2326a68831f87182e7ff7601eaf4cce0","632;639;640;643;644;663;672;696;717;731;733;1952;1954"
522,0.034007,0.065568,0.253864,"5f33c2a492123a5129e09be74deeffd436c5fdf795919dc8ba658fc4afa62915","0;630;632;639;640;643;731;733"
525,0.029245,0.066049,0.259106,"5713c7858216ae51ade18bc74deefece36c5f9b595d19dc09826cfc4aff6a954","0;629;630;663"
531,0.016463,0.066864,0.270694,"c3dc1e5830be6092ff0b66548e13a0fca5103c18b78d11578bfe10469a812925","629;630;1961"
532,0.052031,0.068201,0.271267,"26b0b09aededb8c88ff9111b8cdc7c0acd19f3111266daf01f109b7f940d15d2","629;630;639;643;644;1957;1959"
533,0.063783,0.065767,0.266466,"3a06620f569bea6377e5ffbf2b0896847aac878d8cba65df1e7e90c1678e7ecc","630;632;640;643;1952;1957;1959"
534,0.054271,0.066689,0.271278,"667895d36d4db0c88bbbb1188e9e4d1a8d597f530267dae09d905f3fc019079b","0;629;630;639;644;731;1952;1954;1957"
535,0.064013,0.065360,0.266183,"b62c62884fc396ca1726d8ab00cc3f0078b993817eb314d331048b3bf51c76d6","629;630;632;639;640;643;644;1952;1954;1957;1959;1961"
961,-0.017686,0.062346,0.201482,"97576bc5f636ef76706a5ff65126b76d7fce17aff994254e722fbe842df1f1f1","639;640;663;731;733;1952;1954;1957;1959"
978,-0.070055,0.059107,0.204637,"5f1beba7b2326a1028e09be75d2edbe236c53dff8591bdc8946dab84ade73955","0;629;630;632;639;640;643;644;663;672;696;717;731;733;1952;1954;1957;1959"
980,-0.040615,0.059619,0.204975,"01b2ef1d720e293836e856e4f5e49265162c362d81dcb55d0c2a79840ca001fd","0;630;632;640;644;663;1954"
989,-0.034338,0.059369,0.214767,"09e9684e72dd5bf044445488b9d5b33016b817eec3927c3d674921a937974fe9","630;639;640;644;672;1952"
990,-0.068478,0.058520,0.199317,"308400a89da3406f17a1e81202222450f98e0ab03aab415fb9868f55b108700a","0;629;630;632;663;696;717"
993,-0.034546,0.057916,0.214107,"a762e010ef19dcc85bf6b4bf08c8df8f5fc8e2d7a676eed21e58ddbfd7fd5ec4","629;639;640;643;644;672;696;717;1959"
1014,0.072745,0.065916,0.232584,"4b327bd16dfdf957af5df476bc9fd6eeeeb9df91975ef3d55f59baeb9e8c6dff","639;640;1952;1957;1959"
1018,0.000479,0.064731,0.229508,"88335f894febe14b2ee4f2569c8212c86aacee8901bdd7d094a1ba1159087f98","0;672;717;733;1957"
661,0.054726,0.061232,0.236712,"928b6ebe8e809d35840cd6b7616fba416ee3bfeff88f07edfa23fec9358eb459","0;629;630;632;639;640;643;1954;1961;1962;1963"
678,0.072973,0.060929,0.237970,"70014ae85c0b4a484580f10a130b35507a854fe848a3514cd1a8821c75ab7282","630;632;639;1957"
420,0.018918,0.065152,0.198130,"2b3076e96d9ff852ef78f4aa8d9ed62ceebdff8987b9e3d197f9bab2578c53fd","0;629;630;632"
590,-0.037087,0.052010,0.201801,"0b3076e96d9ff8532f79f6ab8d9f946cee9dff1586b8f7d097f99af2478c73df","630;632;639;640"
594,-0.048200,0.062878,0.198949,"768cc0f5dc0eeee37fa3e212e16b1d50f9c74ba879fbd1cfbdbed704ade86a80","630;632;663"
595,-0.050702,0.062433,0.197541,"56acc3f3d50deee17d23e312697b1d49f9c75bab38f759ee3ffed742ed687082","630;632;696;717"
415,-0.070509,0.062380,0.193241,"b553634c7603ef7855e0fee653c4b5247eec16eee9b3250e30aca1847fbb70f4","0;629;630;632;644;663;672;696;717;731;733;1952"
490,-0.079631,0.061138,0.203220,"83bac79d7292b8633fe352f7acae96cde7adbf85b5dc97df1c36db828d0439dd","629;630;632;639;640;643;644;663;731;733;1952;1957"
493,0.031619,0.062760,0.223177,"27e2e01aefb1bac84b777daf48c8ff8cdfc992979632cef11e1c9defdf4f7ac5","629;632;639;1957"
553,0.066358,0.061983,0.287714,"839fad13b2b8ad97be5b4ef4b426966e27237b9db3d867676c267ec08c4081fd","629;630;632;639;640;1952;1954;1957"
556,-0.131208,0.064676,0.302021,"2881387a5ddd50cf8315ac192a9d4a10c99ac3105e2b52b5fbdd107b520cceca","0;629;630;632;696;1952;1954;1957;1959"
558,-0.133075,0.064573,0.304445,"2578f1417c7fc39a43f830489315d5ac19dc567a897475300d9c2574cbf952f5","0;629;630;632;663;672;696;717;1952;1954;1957;1959"
559,-0.129645,0.062726,0.297113,"be6ae69c5e53cae813e4d4ab434cb78d7ae4b5e72cd76fbc1a63e99537bd7c54","0;629;630;632;639;643;663;672;696;717;731;1954;1957;1961"
10,0.076328,0.061956,0.237521,"5e3976ef7c0b7ad82f68f7a3cfdfbd50feddfff7cab3cbf5d6f9abce278f21d1","0;630;639;640;1952;1959"
11,0.072832,0.061183,0.236549,"3220feed345bd8787fa8f60a7f7f1451fefdffe1a8f269dcdbffe39467aa720b","0;639;1957;1959;1961"
15,-0.040742,0.062893,0.202409,"4d6a92bb6dd9e310ee55b7948d83cadf6a00ea5a0765fef1c4d1fa69528f8dd0","0;629;731"
19,0.015209,0.066427,0.240052,"76a2d79c5dcbe068bfb9f04ee6ea4d1af8ad6e910b63dbdd9db6cf7ff928738a","0;629;630;632;663;672;717;1954;1957"
31,0.048617,0.069951,0.263236,"014b13ef34876b70c6085940f5c3b160dc28064e43b00a3de48ca388188b21a1","0;629;630;632;1957;1959"
32,0.068322,0.061917,0.236724,"3b327ce5361fd83b7fe9f6a35f1d9670fe9db5a5acfc65dccaffb9966784505f","0;629;630;1957;1959"
2,0.043833,0.066611,0.225303,"06b0be9bcbe1b04b3f174131acdf6849e31bb391125c9bf10d125a6b9041a5d2","0;629;630;632;1952;1954;1957;1959;1962"
36,0.079695,0.061025,0.238533,"46e4f6fffeabfeeebfb2fb0afcfb7d5a7fff7fcb28f3dbf9ffbecf8ca5fbe182","630;632;639;1952"
40,-0.060995,0.060669,0.204305,"4d32af0d3ad71358c6ec57e574d4e2e6146cec608753af1d406121af5aa73d75","0;629;630;1961"
44,-0.057733,0.060057,0.203140,"47fa1b0a38c913f8aeec95edf4d6eb549679ce67c303ea7d90102bba18230775","0;629;630;632;717;1954"
48,0.050154,0.063723,0.231044,"2f7ee20257b5bac65bc278ce28c8f7a4ffeb92d587bab4ea3e5c9f2bcfff7bdc","0;629;630;632;639;640;1952;1954;1957;1962"
62,0.060261,0.062044,0.233932,"7214ed64177ed93731efbebf3b3d9630adb7dd85bdab758e5b7fb0936784565f","0;629;630;632;639;640;644;1959;1962"
65,-0.052524,0.059962,0.203842,"4932ae096957315ba6fd56ad9c94e2ee841cfe1487d3f310476161ff1a042ff7","0;629;630;632;639;640;644;663;672;696;1952;1954;1959;1961"
66,-0.047467,0.058865,0.203783,"20320f9949cf2143367de246848222d868acea9013dbd3111520324818082fd2","0;629;630"
70,0.036223,0.063316,0.226481,"43bead1aeaf4bd979b5f10f5acfcc60b8753ff15b649aaf34f127eeb9c5485df","0;629;630;632;639;1952;1954;1957;1959"
72,0.038274,0.065488,0.251455,"099a17f574ae69173c0972f0b7139068073e3e1cb3bc410fc4be32c0cc8041a9","0;629;630;632;639;640;663;731;1954;1961;1963"
73,-0.028946,0.058973,0.203328,"07eddffffeabeeee3ea2fbd2f5eb9d40ffff7fdf72fbcbffbcbeafc095fbe188","629;630;632"
96,-0.010820,0.063100,0.284842,"323253a84c83c0488facf16f068a2414f8ad6ef10d23d2d090b08a7e790a7286","0;630;639;663;672;717;731;1952"
99,-0.007016,0.065137,0.204678,"090214e1748a69137c2152d0bd0390e8622c2a1c01dc454484abfa400c8809a8","0;629;630;1954;1957;1961"
103,0.014035,0.063136,0.284372,"090254e1748ae9137c2176929d0390ec6a0d2a0c01fc45c4c4fbfa400e882988","0;629;630"
104,0.023508,0.071680,0.206314,"30e94bae5c89cae08c00f8ca35c831007ae802cf4a2b4c7db484aa387d1b7388","629;630;632;639;640;731;1952;1954;1959"
105,0.035013,0.065872,0.202263,"3e8be20e5fd3c2e857c4ddab6becbfc47aeca3e5cebb6dbf3a67858b77ae7ede","0;629;630;632;663;731;733;1961"
106,0.027358,0.067109,0.204314,"06b4bc93fdedb1ca1fbf411184fe4e08c91b3311325c7bd24d165b6f904905d2","0;629;630;632;640;644;672;696;717;1952;1954;1957;1959"
119,0.045551,0.066334,0.227775,"86b0bffacbe5b3c88f114113dcdf6c49fb1bb3d312471af15d51db6f900ba592","0;629;630;632;639;640;1952;1957;1959;1961;1962;1963"
128,0.096887,0.060362,0.243031,"d7a5d7bdfe0becff3fb2fa1aedea3c517fef7fa9f0ffcfffbebecf8c25e8e188","0;630;632;1952;1954;1962"
134,0.024770,0.066693,0.197763,"22b02899ddedb04b5e774513849c7e08d91b1315363e7ad74f179b6fd00895c6","629;630;639;640;731;733;1952;1954;1957"
141,0.089233,0.060811,0.241994,"e66dd7dffc2beecf3fb3fb92edea5d527fef7fe368f7cfffbebecf8c95fbe388","629;630;632;1952;1954;1957;1961"
144,-0.056558,0.060440,0.200642,"4fbaf57f3adcbbb88fdc57e5fdfddfa61675f55fc750afbd4e7b6dab1ea70dfd","0;629;672;717"
145,-0.033113,0.059747,0.204843,"05ebddefec0befec7ea07340f56399407aed6a6f51f2cb68ecaeef04ccbbe1a0","0;629;630;1952;1957"
157,-0.045447,0.059751,0.205065,"1932ae7d39d7315b76ed56b53b9d9268d43cb70c9dd8f19d476f70c3628c3cfb","629;630;632;639;643;663;672;717;1952;1954;1957"
161,0.038612,0.063734,0.225835,"09afd4f3b2b83c973f135ef0bde3c2eca77bbe9cb6d8aff3eeff7ec18ed48989","629;630;632;639;640;643;644;1952;1954;1957;1959;1961;1963"
163,0.052632,0.060936,0.231237,"52fbbbc27644bbd0ab6d9a67749efc62e6d53fd3c319b9e13938aec60502257b","0;629;630;632;639;640;643;644"
180,-0.017026,0.064561,0.194008,"026073e96c0df8402d29f3eb1c9bb478ee9d7fc58ab3c1d096388afa4d8b23a3","639;644;663;672;696;717;733"
207,0.095281,0.060420,0.241038,"76edc69fdc2beeee3fb3fa02e9ea15517bcf7fcb78fbcfffbcbedf0cb57be388","0;632;1954;1957;1959;1961;1962"
210,0.019606,0.065571,0.200153,"009c1bb972e4b9573e4b5272bc972048a73b1391339c1057cda63ac29800a5bb","0;629;630;632"
211,0.057970,0.066020,0.275359,"666194a4a909dc68abb0a009cef24d1f8af56c624843cac091d04f3f40730386","0;629;630;1959"
212,-0.035693,0.063726,0.204330,"86a0bf9b64e9b940ef557195acce7e4be30b33159674baf14f185aeb940325d7","0;629;630;632;639;640;733;1954;1959;1961;1962"
221,0.035799,0.065801,0.224329,"9b0642d1973a6c077503fed60b2ab6ed7b8e8e9cbcbc45cea6fe9643afdcf80c","0;629;630;632;639;640;644;1952;1954;1957;1959;1961;1962;1963"
228,0.026887,0.066378,0.201820,"06709d916cedb0c81eb93159949e4d0a8d197b110376db500d125b6e900901b2","0;629;630;632;639;643;663;731;733;1952;1954;1957;1959"
247,-0.053357,0.063769,0.202128,"cb7560ebef3dff576d62ff92990f96646e9fffbed1b6f5f277f9aac027d7e7f1","0;629;630;632;639;1952;1959"
259,0.043559,0.066422,0.224684,"c6e090e8e90596ccab13a0188c9b691ae9515b5242679af0f9d01f7f9011a782","0;629;630;632;639;640;1952;1954;1957;1959;1961;1962"
260,0.050556,0.063229,0.231112,"ababe21ccd95bc67db5f549f28ac7687ccabb385f66ae6f11e79deeb5f0cffdf","0;629;630;632;639;640;644;1952;1954;1957"
262,0.036277,0.067549,0.208524,"3271028a5f8782488708d94f60d83d04d8b913e34ea35a9d1114893a792e7286","0;629;630;632;640;1952;1954;1957;1959"
267,0.054263,0.062302,0.232413,"03bce218d7b4ba435f476d9708ca36c4fd2b928596be94d3167d9a4bdf04bbd6","0;629;632"
272,0.091156,0.060578,0.241741,"76a9d6cf7c8beae82fb0f20aedca5d527aed7fcb4ae3cbfd9cf8cb1d352a7380","0;629;630;1952;1957;1962"
273,0.008186,0.057978,0.265414,"0b9c32d871b43872bd194e54bcfa2ee4a71b9b10978932f70bff1aca9a05a917","0;629;630;632"
281,-0.010194,0.063475,0.297268,"c9727fe86afbb959e46dd6e6999fb2606e1dffbc8395a7d05669a2c43e8c65f1","0;629;630;632;639;663;731"
282,-0.032921,0.065766,0.283472,"722312a80d01504b8d08b04b029824d4f881ce610c2380d491d0823b59086e86","0;630;632;639;663;717;1954;1957"
286,-0.018287,0.062212,0.201864,"3b307be86f57d9504d6cf42f0e1db634ee95dfe58d2371c4537928bb5f8c7ef7","0;629;630;632;639;640;643;644;663;696;717;731;1952;1954;1957;1959;1961;1962"
307,0.037655,0.063685,0.224767,"0f8bd0fbb2927eb63f055ea4ed6ac6e4b76bbddc96d82fffaeff3fc3bed7890d","0;629;630;632;639;640;643;644;1952;1954;1957;1959"
311,-0.059960,0.062580,0.305771,"63107be8644cf810c948f2e79d1fb46aeeb1178585a370c0d7f8aa8a058875d7","629;632;639;663;672;696;717;731;733;1952;1961;1962"
316,0.068056,0.061784,0.288727,"213cfb4d50ece3576a496c4830b7c430353e121883bab04365ac2020c8d263b9","629;630;632;639;640;644;733"
317,0.035927,0.065287,0.223310,"458d479fd488eea5ec116ac4f1603d4363632aef73b85f7d2c2ecf40dc725188","0;629;630;632;639;640;643;644;733;1952;1954;1957;1959;1961;1962;1963"
319,-0.009693,0.062911,0.203305,"72116f414bdcb113ad5df627221c1678ecb9ff918fb8f3d0577898c34d0c547f","0;629;643;663;733;1954;1957;1961;1963"
337,-0.036771,0.051747,0.202353,"826952d3eda9f847ad117912ac8a744aeb2b5b93121cc2e105189a6b9451eb8a","629;630;632;639;640;644;1952;1954"
345,0.065613,0.064954,0.267578,"22064389564ba86b04a5c28301283480688843a518bb455e1c069a05f50c74c8","629;630;632;639;640;643;644;1952;1954;1957;1959;1961;1962"
346,0.043988,0.065703,0.223605,"28acb8769ded538642bfac083239413ac972e0180a2a6221cbdf7439d25b46aa","0;629;630;632;640;731;733;1952;1954;1957;1959;1961;1962"
350,0.048349,0.063581,0.228975,"ff20e8e42d37d84843a0b50b1bdd772edebdd5ad8827f0cad3dd813f77ad7262","0;629;630;632;640;643;644;1952;1954;1957"
352,-0.035127,0.063595,0.203754,"467263ca6c0dfad8af18b1efdcde7d2bfed15ff783238af09518abfe5c3b61b3","0;630;731;1952;1957"
356,-0.042646,0.063670,0.205907,"f78570e4b40b5eeb6982b88b6b7b95327ff35dace82344cefadc873c67f86208","0;630;632;1961"
364,0.046542,0.065390,0.228664,"f669e8c88b515ecc13b4a4af42cf6f1f7bd5edf24e43df90ba40c53fb77dbc56","629;630;632;639;640;1952;1954;1957;1959;1961;1962"
370,0.052760,0.060315,0.230446,"18317ae552d4bb5824ccdf0339d76b607cb997e88393b09dd7c9aba5278225f3","0;629;630;632;639;640;643;644;1961"
371,0.050939,0.066287,0.265898,"012090b36dada0478ca33158bc93408a83335a19312fd0c285951a3ac8088bab","0;629;630;632;639;640;644;731;733;1954;1957;1959;1961"
377,-0.014705,0.065268,0.230790,"090e91ed302e693f76aa7a54bf3380e4770d0e2ce19c011eccef37849ae02129","0;630;1957"
380,0.063542,0.060729,0.279425,"0fdb2e7fa9dc3db4ee5c4fe5fdffbee78773b14ec7d82a756e7b67c30ef6ad7d","632;639;640;643;644;1952;1954;1957;1961;1962"
382,0.104918,0.066437,0.247279,"bb416aec76535b5845c07d8a5b5dbf347eb997efc9b6348ed3f9a08877ae76e1","0;629;630;632"
384,-0.017525,0.062684,0.291985,"0b32ff7b21fd79176d5d57f4bf9dd6ede639b71d879c73c0c7f972c22e844dff","0;629;630;632;643;733"
385,-0.059145,0.055150,0.205127,"300450e0552b40426120e80b030b0410f88806a00cb6518c95c0806371087a8a","639;640;663;672;696;717;731;733;1952;1957;1959;1961;1962"
390,0.063382,0.061530,0.281532,"db91b65c0b561d7bf7de46056cff26fff43db585c5ddb3d9537b53875b242d5f","629;630;632;639;640;643;644;1952;1954;1957;1959"
391,0.047123,0.064994,0.228743,"f6f7fd6c8b555ef983fcbc6f4aff6f56b5d3b5f2de43aad87bd8c5bfb376e657","0;629;630;632;639;640;1952;1954;1959"
393,0.049964,0.066927,0.267219,"889392f393cd30519f094750fcd768ecb53b8a1053981af389d71243920a8d2b","0;629;630;632;639;640;643;644;733;1952;1954;1957;1959"
395,0.067036,0.064343,0.265867,"8d82261b34bcea30fd0f7755eee8becc91220e0fb6a42ef7067f32c1c287d945","0;629;630;632;639;640;643;644;1952;1954;1957;1959;1961;1962"
396,0.061090,0.067949,0.265237,"cfc312baecb4aed8ae1c54e4ccc3fbcff7493fff82058af1a4796eec96d7a9c1","0;629;630;632;639;640;1952;1954;1957;1959;1961;1962;1963"
397,0.057616,0.065032,0.272169,"4f861652b1bc3a14bd0d7755ecc6aed4b7232e1eb68528770aff3ac28207a945","0;629;630;632;639;640;643;1952;1954;1957;1959;1961;1963"
400,-0.019211,0.063646,0.254642,"7eb4a4a45f5595fb82fe9caf60fc4a87fdf7d3a1757bf28e7f47cdbfa76c1edf","0;630;632;639;644;672;731;733;1952;1954"
401,-0.027401,0.064541,0.296102,"8f9ffd7be2fd7d97ef5b5ef5bdffdfefe77bb717f75c6ee16ed976c2bed58df5","629;630;672;696;717;731;1952"
405,0.049966,0.068345,0.269141,"8de91292e7d9b7c4c815352aecd26b8c3a6b4a5a56671ae1b4d10e7b461b8b80","0;629;630;632;639;640;1952;1954;1957;1959;1961;1962"
498,0.035351,0.064887,0.224987,"efdea91e685c9ff89ace94edf8e4bb2f1d60966ee5473e3f6327edbd1afc1ff5","629;630;632;639;1952;1954;1957;1959;1961"
799,-0.064853,0.062143,0.202843,"a33213847c07a07398e9f27f0494a484cc2d4625a5bf80ce14363aea49082bdd","0;629;630;632;639;640;643;644;663;696;717;731;733;1952;1954;1957;1959;1962"
509,0.054160,0.062009,0.232035,"5bfb6aa037d47bfc216c9eef1d9ffab436dd9df7cf1bbcedfbcdafe72f963f7f","629;630;632;1952;1963"
510,0.059994,0.062090,0.233607,"1a4b2aa81291ba668484daa72d8eb340eebb8fd5ce8b06fdba45aacb35162d4f","0;629;630;632;639;640;644;1952;1957;1961"
513,0.065043,0.062076,0.236480,"3b127be5361e583b7de9f6ff3b3d9674febdfda5adfb65ced3fff8926784567f","0;629;630;632;1952;1957;1959;1961;1962"
520,0.095783,0.061759,0.242058,"effd76fbfc3ffffe3f6bfeb7bdbf9775efdfff97f6ffebf6feffbeaab7dfe7dd","629;630;632;640;1957;1961;1962"
521,0.036499,0.065143,0.250128,"099d17fdb1ee3137ac494a40bc372060a4371c08b198314fe5fe32420a40a13b","0;629;632;639;640;644;733"
3839,-0.061435,-0.048550,0.130846,"82364c590b44b8493c52e7918817060d4f0c7b00224cd3c0453a9a8b0384fbca","663;672;696;1961"
3843,-0.061457,-0.048578,0.130779,"822886190ba5b842be13c210a582600b69bbfb10324d83721d62da4881040b8a","663;672;696;717;1952"
3847,-0.064510,-0.048862,0.131275,"f43230b82d4d5058cb9ab0688ed8451dc930dd420867c290d3d061bf5a2d5e17","663;672;696;717"
3850,-0.071301,-0.042495,0.131802,"7b1378e077dcfb582fccfca7fdff96b4febb9fc58d33f8d9f7ddaf9f7f9e7ff7","663;672;696;1952;1954;1959"
3853,-0.078985,-0.042410,0.132286,"3b92fcf5675cfddebfdeb4a7fd7fd6b6eff3ff8daf63fac3d7dffe976fbc5fff","663;696;717;1952;1961"
933,-0.086056,0.055710,0.203309,"34416b6c54024f7844a0fe025341b97078cc16ea48b3150c73ada10465bb72a0","0;629;630;632;639;643;644;663;672;731;733"
944,-0.063257,0.063521,0.201633,"07ba919c7a8990e89fd4b0edece2e587df69ca252747cadf1c164fbe5c2c0b9d","0;629;630;632;639;640;696;717;1952;1954;1957;1959;1961"
821,-0.037309,0.058111,0.204656,"7efb50aa3a8912f08f84b1edaecaa59496b9cc43c603cefd90d02bbb7e0f0f1d","632;639;640;643"
839,-0.083516,0.060494,0.207440,"9e1e86bcebb23cc7bd9fd2b76cea63dbe7f7af9534df02e2baf3dec38a75ab97","0;629;630;632;639;640;643;731;1952"
841,-0.082073,0.058372,0.201324,"479e879792a6aee7bedbcad7e4e6654fe7677f95b5dd9feabc36dfc68875a11d","0;629;630;632;663;672;696;717;1952;1954;1957"
1683,0.001793,-0.049994,0.142396,"7f127ae0675dfb7029ccb7afff3fd7f4fe91bfef8db271c8d7d9ea8b67af7df7","0;629;630;632;639;640;663;672;717;1952;1954;1957;1959;1961"
883,-0.030456,0.062628,0.264864,"f26072e84f29f847ed20f2130d8b34d4ea8d5f810833d5d097f88a33778df386","630;632;639;663;717;731"
897,-0.016880,0.063896,0.284627,"f83652ec15235248c508b96f0bd92590f8b1cf224c27009e92d9813b7fae7a03","0;630;639;640;644;663;672;696;717;1952"
902,-0.002448,0.062302,0.284157,"f3326b887e55c9598d4cfdee1a9eb6f0ee8ddfe58927e0d4d038aabc5d8a66f5","644;663;672;717;733;1959"
919,-0.010764,-0.046002,0.132307,"9fd4f5e7e75effb83bfcb5afdf3f9f36ffd5dfefed766dceffdfefb647ff77f7","629;630;632;639;640;663;672;696;717;1957;1959;1961;1962"
916,-0.002838,-0.046340,0.131440,"0f5370eaf7ddffddaf4cbcafafdfffe4febb9fcfc6236ef1ffd9afeb179ef5d7","629;630;632;639;640;663;672;696;717;731;733;1952;1954;1957;1959;1961;1962;1963"
863,0.069529,0.060867,0.236506,"7020ddec7c0be9481fa0f20a930a14587a857fa108f3c1dcd4baa39465a87200","0;629;630;632;639;1959;1963"
865,0.083769,0.060347,0.238132,"d2edd6bffeabfeeebfb3fb1aedea34c2ffef7fefb0efcbffbcfedf9825fbe989","0;632;639;1952;1954;1959"
873,0.091229,0.061119,0.243232,"d6e5f6ffec2beefebfb2fbd2efeb5c5bffff7fe3eaf7cbffbefacf8c25fbe181","0;629;632;1952;1954;1959;1961"
793,-0.066222,0.062340,0.204283,"722652845d87c66391aaba4b62e82596f8e4ce216cebc0ce3936851b41687e0e","0;629;630;632;639;643;663;731;733;1952;1954;1957;1959"
7781,-0.052553,0.066240,0.177226,"ba1072e065587840294cb72b0f1e36d4ee999fa1ccb761c093d98a93678e7e57","1957;1959;1961"
7692,-0.014534,0.067424,0.234553,"833077ed6e2bf85b6d21f2f39d9fb460ee9d7f8580b747d096f89a826d8861ad","663;672;696;1952;1954;1957"
7705,-0.071361,0.065950,0.243105,"42703eeb6c8df854af19f3699c9f445aee3d7fd1862bc2f0d6f93aba0483a383","632;1952;1954;1957;1959"
7707,-0.071689,0.065818,0.243592,"466912ebecad7cd5ad18b8489e8bcd5aeea35fda5223c2f1f4d82ab814dba381","632;1952;1954;1957;1959"
7722,-0.098614,0.066910,0.257711,"7c05cae196226d5d61a3ff12532bd87a79843db818b3c5c2faeda644a7e2f020","0;629;630;632;717;731;733;1952;1957;1959"
7743,-0.041331,0.065912,0.270466,"222076e96d89f8422d31f2828d8e545fee9d7f9110bfc3d097f89ad3078c7b8e","0;629;639;640;672;717;1954"
7990,-0.032172,-0.049522,0.134701,"1831296d2852cb3824cc74a4d81e8280d805ce664990790c2489ab8169224e71","663;672;717;1952;1954;1959"
7804,0.026235,0.067637,0.205384,"05609db16c8da04a8eb930589493410b89197b110376d3500d907f7c981803a0","629;1952;1957;1959;1961;1962"
7810,0.013568,0.067402,0.206673,"022057ed7c0be8496fb1f2e2959a9468eebd7f8d82bb47d594b89b0415886180","717;1957;1962"
7792,-0.061478,0.066395,0.186278,"b8c5f6ecf5165efe57c37e135b3f3860dfdf97f8fcfe19aeebfff4c7f7fce4cb","1957;1959;1962"
7795,-0.060280,0.066611,0.186053,"ba957aecf5765fff15cefc375f3fbaf5ffff97a3fdbb30aef3ffa487f7fcecdb","1957;1959;1961"
7587,0.018822,0.067250,0.185560,"316b426f16934a486784e18263c2bfd47aa80cee4e930e9d92cc813937ab7804","1952;1954;1957;1959"
7589,0.018745,0.067387,0.188145,"b8ec4aea57d142f05404e58b33c3330178a806ea6e373c3ff3c1a129738b7eca","1954;1957;1959"
7590,-0.057585,0.065845,0.180466,"bec552ecf5065eee9103f8124f7b3c51fbf317e278ab08aebbfe160ff7f9e08a","1954;1957;1959"
7596,0.024228,0.068657,0.204147,"908f1cbd9ec314278414d233f7092241c2330f617ea9433de0e3ea513408bd0b","1954;1957;1959;1961;1963"
7611,-0.074940,0.066308,0.201412,"4db07e616ddc7910ef5d77a19bdddefa8638ff5c8630f2c14ff920c966864cd3","1954;1957;1959;1961;1962"
7612,-0.006024,0.060883,0.196569,"1d5eedd3f636ffb7707f57f6593f9f6937de17aef5d82dec7e0ffe84aff7f9f9","1954;1957;1959;1961;1962"
7613,-0.010134,0.065191,0.205217,"098a12f134be68177c095674bf0380ec062e2e1cb39c41c786ff32c08a80098d","629;1954;1957"
7616,0.001522,0.066374,0.207381,"012215b5740be8137e2172d0950390c9620c2a0c01dc454484ab7a400c8821a8","0;1954;1957;1961"
7621,-0.009952,0.065516,0.211187,"62103be94eedb913ac59507f949f646aecb95f91932ed2505538baea1d0837fb","1954;1957;1963"
7300,-0.023978,-0.045483,0.131847,"4f1572e5f57eff782d4cffa7dd7f9ee4fe979fa785b279cef7fdab860fef6df7","630;632;663;717;1952;1959"
8188,-0.000975,-0.050754,0.144461,"3f5a72e665defff4ad4cfea7ff5fb7f4fef19fefcda370eef7fdaa8347bf7df7","639;640;663;672;696;717;1952;1954;1957;1959;1961;1962"
7050,-0.036224,-0.044071,0.132031,"bb37fef477fef9d4e97db5b79fffbf7feef5dffdaf27accbf7f9abb77ffe77f7","629;630;632;639;663;672;696;717;1952;1954;1957;1959;1961;1962"
1252,-0.059459,0.061900,0.304783,"071e8797af32ac02acda1bf7cc68b5efe767fb87b5c527c00432db828e753155","639;640;663;672;696;717;731;1952"
1254,-0.190720,0.061296,0.380737,"006c821135fae082fc076291af8c37d8a36ea01034bc946e0c361041c4055fce","632;639;640;1957;1961"
1255,-0.188278,0.059653,0.375262,"9ac3564d1212be7d2d0063c24d262cf5369582e2c49905dd36200e0527a2ad1c","639;640;643;644;663;672;731;1952"
1256,-0.186613,0.058592,0.372057,"70790609494f104207bce20b0294431ae894ea5048fbd3101120413f611d56d2","639;640;644;731;733;1954;1957"
1384,-0.055851,0.057521,0.207050,"3f98f0f2241cd8b0396bb2abef3f9db9ff939785acea60e09edffe9287ac5359","630;632;639;640;644;733"
1400,-0.083540,0.058561,0.203324,"589c6f7513fe5137756f4f143b3f167021bebd88b998314fcbef904123c4d47a","0;629;630;632;639;643;644;663;672;717;731;733;1952;1954;1957"
1406,0.016255,0.060482,0.216442,"b86c7a6e57975b705506e50a7349331158b8836e68b6583ff3c901397bab7aba","632;639;640;643"
1419,-0.028184,0.061470,0.237191,"66bc848c5f4793e98aaa98eb787c4d83edf5f3a1616bdadf3906cfbf5d6e37bb","0;629;630;632;644;663;672;717;733;1952;1959"
1422,0.036530,0.064252,0.225068,"b8e16ac0d5c153655085e40a13d76a3058b893f85a2ba006798da66d310af6e2","632;639;640"
1428,0.037274,0.060105,0.226408,"72614a884fd1d048cd04e50b02c83610f8a9cae14c2386dc1210803b750e7ec6","639;640;644"
1431,0.041775,0.060173,0.227533,"120f4ea996b3bae60c05d8e7a908b780ee3b87d5b6b905fd2845aac3fd0d399d","629;630;632;639;644;1957"
1433,0.051749,0.062933,0.228821,"2b7ae2146798bc465bca74ef28c8f7acbfe982c5c6f686ea365e1cabcffc7add","629;639;1957;1963"
1440,0.058597,0.060397,0.229998,"03bc13d574fdb877bd495e74bcb7a4a4863b16089398b0c7079c3aca0ac881bd","629;639;640;1961;1962"
1441,0.053211,0.059937,0.231176,"0714e7874626af58cdc219c6586cb72f3e651aafa5e53cc8140acb8cadef31f4","629;630;632;639;640;643;644;1962"
1453,0.085062,0.061999,0.239246,"7eb9f6ff7e1ffef8aff8f7abffff9f74fefdffefc8f3ebfdffffef9ea7bf61fd","629;632;639;640;1952;1954;1959"
1458,0.027666,0.063766,0.250158,"d0593efc02c03567ac86c6a33db72153a677edc060cd826df1e37e832030a53b","639;640;644"
1464,0.066062,0.066663,0.272728,"d248735e42c03d67b186f6a22d97a57766f5a7c2409f22ea31a27e8b27b0a5eb","639;640;1952;1954;1959"
1342,-0.037520,0.059461,0.205651,"42a394b1ab38348fabbf1af98caacedea757ed111648cbf18c565fff84548f0f","0;629;639;1952;1957;1961"
1379,-0.066729,0.059810,0.205737,"09927bfd33f639177d4d5676bd1782e4663fbf8cb79c35cfc6ff32c2ae842d7d","639;640;663;731"
1275,0.035589,-0.055139,0.158303,"ad35f965f40f6ff970ea7c4c533591305edc166ee9b2790e6faf25846ffa42f9","0;629;630;632;639;640;731;1952;1954;1957;1959"
1278,0.035721,-0.056095,0.161573,"2136f745740fef787fea7666512194257f4c3628a1f06d5e2c2e258467a852a5","629;630;632;639;640;644;731;733;1952;1954;1957;1959"
1298,-0.053950,0.062567,0.198107,"cb756ae96f7df9576d60ff92999f96646e9dffef85b5f5c257f9aa81279ff5f1","639;640;663;672;696;717;731"
1300,-0.114776,0.060940,0.248269,"9cc96ecb86b06fdce4144f82f9c3fb6e624a2bda42102e71e401ae0d34f3bda0","629;630;632;639;640;663;672;696;717;731;733;1952;1954;1957;1959;1961"
1301,-0.115260,0.060325,0.247339,"9ccf2acaca6027ffe416cc0251e7fb6679c20afa7217bc6a7d05af8db372b5f2","632;639;640;643;663;672;696;717;731;733;1952;1954;1957;1959;1961"
1306,-0.112976,0.061158,0.247995,"579677ea32a6babaad495b645c7ebcf0b7131da1b38919ffb83e2ac69c832131","0;629;630;632;640;643;644;663;672;696;717;731;733;1952;1954;1959;1961"
1312,-0.035857,0.063904,0.203980,"83a2bedb25f97803ff5f7535ac8ae64de32ba61c96dca2d186d95a6b9284adcd","630;632;639;733;1952;1954;1957;1959;1962"
1095,0.007815,-0.046824,0.129655,"4f14fce1ed3cf9d2ab5bbca79dbfdf6eef93ff958663eac0dfdffeae87ce65f7","639;640;1952;1954;1957;1959;1961;1962"
694,-0.077663,0.055815,0.209358,"d18e50b736aa69227c2383d2ff2390d023864c88339c4d5f8c8efb44a4804920","0;629;630;632;639;640;643;644;663;672;696;717;731;733;1952"
706,0.011862,0.064768,0.257480,"01036f4924986803ef556a818382f67b62282e1cc6b8275086b800415080544c","630;639;640;672;717;733"
717,0.055614,0.065419,0.271374,"c82292844b4c2163a8aea21cac824293a02d4a28406f90409581122b00202b89","630;632;639;640;643;644;733;1952;1954;1957;1959;1962"
720,0.034923,0.065003,0.276534,"726173e96c0be8406d20fbca9f8b1450ee8d7fe108b3c5d094b88a3c258a6380","0;629;630;632;639;733"
725,-0.027494,0.065363,0.287572,"7230b58c5b55986b8bed942b0cfe6626add5dba1a44bb2dc5b56dfbf132c37df","630;632;1959"
728,0.016745,0.063596,0.285226,"898210d334bc68167c195770bd0390ecc6292e1c929c61f5c4fb32c0828109a9","629;630;632;639;643;644;672;733;1962"
732,0.024763,0.061779,0.269957,"0120dfad640be80b2ea172c29d0290586e8d7f8901f8c1d484b8fac04c8821a8","639;640;644;663;672;696;717"
734,-0.017225,0.063683,0.283364,"6230acb04fd590438bf794bb0c9c668fecb1d381066fd2d01f51dbbb170c3fde","630;632;639;640;663;672;696"
744,-0.063732,0.062673,0.311831,"0d9eefd7e632adb756fb56f6d12d9a6b7746339eb1f82fe06e2ff6c4aff9f1f9","0;629;630;632;639;640;643;644;663;717;731;733;1952;1954;1957;1959;1961;1962"
1260,-0.037483,-0.049373,0.134672,"1b5b6b4463561ff405ecdea759bca7f4fef5d7e6cd9334cc737d26832f9eac7f","639;663;672;717;1952;1954;1959;1961;1962"
1101,-0.044325,0.063698,0.177907,"05b89ffd7886b9f9be995260f4f3684bb77d3f1903c98b5dcda67fec982021a9","639;640;644;663;672;696;717;731;733;1952;1954"
1104,-0.058818,0.063702,0.179930,"3a3062884f51b8408d64d4ab088c770cea99db810e23f4c017508a3b770c3ed6","630;632;663;672;696;717;731;733;1952;1954;1957"
1119,-0.069552,0.062185,0.191093,"b40edf75446ae51274aef6565321115b69c46eaa29f4410a46abf000e9f970a0","629;630;639;640;643;644;663;672;696;717;731;733;1952;1954"
1120,-0.019789,0.064160,0.193796,"f8255a896c59eb43ec24fe829d82b3c26a8dceab49b3d5c0b4b98a31178a6b88","639;717;733"
1132,-0.022204,0.064560,0.196663,"632152e96c89e943ed00fac29c9bd4c2ee997f99c3bbc1c09438aad005882189","0;629;630;632;639;640;663;731;733"
1134,-0.087183,0.054110,0.201568,"8f73edceee15bff8cafa1dceddfddf271f5917efc362fef07f49efac1fff53f1","0;629;630;632;639;640;643;663;672;696;717;731;733"
1135,-0.088110,0.053537,0.201111,"e7afe8c4f422cfef5aa29cda716895205bc717adf86b25ce781eeff485f87a2c","0;629;630;632;639;640;643;644;663;672;696;717;731;733;1952;1954;1957"
1137,-0.085005,0.054998,0.200110,"f7ffed44b436cfbf71eabeee527c9f343dc675eee9f3adce7a3ee594edf2f275","629;630;632;639;643;644;663;672;696;717;731;733;1952;1954"
1140,-0.086104,0.055758,0.201644,"699e334474aeba37e8ab7a783c3994a0ad36570db1bb80ef3e3f3ac24fc0d3a9","0;629;630;632;639;640;643;644;663;672;696;717;731;733;1952;1954"
1143,-0.005723,0.059325,0.205314,"0b3276e96c9df9532d6df6a79d9fb678ee9dff8586bfe3c0d7f9baca078c65ff","629;630;632;639;640;644;733;1954"
1078,-0.127890,0.062330,0.295856,"2d0f6205d4bfeab2c1e05e4f832817840cec526fbdb854ae0e7e8144cfed58c4","0;629;630;639;640;643;663;672;696;717;731;733;1952;1954;1957;1959"
1079,0.018639,0.064273,0.300558,"aa10605347d9e000375567938b0c16fc68b8bb118ebc75f147739243e70d5ed6","0;639;640;643;644;663;672;696;717;733;1954;1959;1963"
1493,-0.033373,-0.044120,0.131914,"bb33fdef777ef9dcfb7df4f7bfbfbffffedf9ffdaf73fcc9d7f9aab7bfdd7fff","0;629;630;632;639;640;663;672;696;717;733;1952;1954;1957;1959"
7063,-0.035121,-0.049847,0.134988,"50625b4e4ad09e686000a0e061ce84b0bef1c0e2c523ae6933e12b0941a22f85","672;696;1954;1962"
7064,-0.037463,-0.049549,0.134582,"288f302e194097396048f920fb5a1a301c93c4e3cf224f7de0b422095b862a13","1952;1954;1959"
7067,-0.029442,-0.049749,0.136089,"09bb702c6a4093386048f1e5f9588a205ad944e3cf22cf4140242a8d7d022b93","717;1961;1962"
601,-0.018199,0.058759,0.202671,"8326fdfbecaff8577fbb7b73bc3f9469ef3f7f1db2fc41d6063efae2c4c8d1ab","0;629;630;632;643;644;696"
613,-0.024245,0.058875,0.204135,"85efddb7f4abefe77eb3fbd2f5e391417bee6a4b71f8cd7f7cae6f04cdfbc3a0","0;629;630;639"
538,0.064395,0.065688,0.268300,"b66d628adff3b6c41765d9bb40cc3f0478bb93d37eb75cf73264887b775ffed6","629;630;632;639;640;643;644;733;1952;1954;1957;1959;1961"
552,0.064626,0.061311,0.281305,"033287992b33b80bbf7b4bf58cae46cea70ffb8515d583d084765ac7884409d7","639;640;643;644;1952;1954"
7088,0.030278,0.068084,0.195340,"13c5638c56d2ec675441daa239acb4e47aab17ad55bb24df322cbe81358cf9cc","1952;1954;1957;1959;1963"
7092,0.022052,0.068282,0.196622,"22a7f849d6bbb24f5e2578a3a8a87e80fb1b831196b844d72e0d3a67d54add8f","1954;1957;1959;1963"
8229,-0.033247,0.064435,0.204929,"82b0bb9b64e9b947ff5d7335ac8e7649e73b379596dc32d14f185aeb9004a5df","0;629;630;632;1961;1962"
8243,-0.068807,0.062349,0.205452,"700d56a45d0ac66381a2aa0b62e82516f8e648e26ca380aeb9a6851b617a7a0e","0;663;696;1952;1959;1961;1962"
8248,-0.066278,0.064780,0.206280,"e6ff929afd8196ee9f9eb86deceae5c7c973ce63762bcafbb8164fbf987fad8f","1959;1961;1962"
8249,-0.069376,0.063427,0.208513,"e23e92945d87806399aaf86f62e82496f8e54a2128ab90cf3d360f3b49687a9f","1954;1961;1962"
8256,-0.065855,0.065100,0.206504,"0332019c7ac9a9409ec451efb4c6b60d5e297a05854676dd04107ba81c0c01fd","1952;1954;1961;1962"
8260,-0.078450,0.066288,0.207754,"b541674c5657ee79c5c0f94273c8bde578ac12efe9b3349c312881007faa70a4","632;1959;1961;1962"
8263,0.035806,0.066194,0.226692,"990391ed26162d7f76aa5660bd33a0e4760c342ce1dc210ac0ef778432a029a9","1952;1954;1957;1959;1961;1962;1963"
8285,0.026566,0.070700,0.251891,"7a2072e85f175848e500b50b0b9b34f47a95dfed0823d4dcd3f9823d778e6a02","1952;1954;1957;1961;1962"
8305,0.055919,0.070021,0.259999,"7d21eb60d6524b4961e57d8a5bdfda307a9c17fc98b2ac087bcda56ce7a6f6e0","1952;1957;1959;1961;1962"
8016,-0.063731,0.066698,0.189172,"3a7022884f5590400544958b089c2684ec91dbe10c2370c013508abb770e37d6","1959;1961;1962"
7546,-0.044150,-0.044113,0.134106,"fb1bf8fdfd7cfb5a194cf4bfbd1f97ffeedb9fd5bf7ef0eaf7f9baabbf8d6dff","0;629;630;632;696;1952;1954;1957;1961;1962"
7552,-0.043005,-0.043075,0.129990,"4b12f4f2ef7cfdf7ab5fbcb79d9fdfbeefd3ff97d76ffae2d7dffebff7cddfff","630;639;663;672;696;717;1952;1954;1959;1961;1962"
7825,-0.086114,0.057423,0.200988,"1a9d33fcc3e0b567384168003cbf20d5a23ba181519a92c5f1b05a4b5b40a7fa","663;672;696;717;1952;1957;1959;1961;1962"
8182,-0.049135,-0.049628,0.135032,"22210648c9c5c048ae31e11082926408c8847b101a4bd2d09d989a7ac0007382","1959;1961;1962"
8349,-0.039578,0.069707,0.269045,"76b9b7de5f059ae88bb8916b7cfc6d03dcd1dbe1c0639add391ecfbe152a3393","1954;1961;1962"
8352,0.029285,0.071844,0.286123,"429151d8cbd02d2b331169b008f7acf4579bb380531aead51f36dacf1380a4b4","0;1961;1962;1963"
8381,-0.013785,0.068603,0.310394,"f23653ac6d2350498588b16f02882594f8a1ce230c2700de90d0803a792e7217","629;1959;1961;1962"
8385,-0.064391,0.066643,0.324139,"5a127ae8675cf9504d4cf5a79f1fb768ee919fa58da324c0d7f9aa8b778e75d7","0;1952;1954;1959;1961;1962"
8129,-0.098242,0.066771,0.255834,"5d04efe58622495964a2f712532bb96a7bc47db899f7a58ad2ebe784a5e8f020","0;629;630;632;1952;1959;1962"
8132,0.056548,0.067404,0.275194,"a67094906d6db0c89bbbb0188cde4d0b8d59fb110267dad09d925f3fc0790783","0;1959;1961;1962;1963"
8135,0.008723,0.057013,0.268994,"3a50645103df71043575f6b70b1c16fd68bcbf918fbc7584476b90c3e70d7c56","0;1959;1962"
8136,0.057497,0.066365,0.277794,"d629928429094461a9a0a84886e24996a0e54c6248638040b1900f3e4022030e","630;1952;1957;1959;1961;1962"
8142,0.010070,0.058687,0.277865,"8a90229b75f8b900bf5757b18ccebecca33b931136bc3ef70e771a43d6877dd6","630;1959;1961;1962"
8145,0.026672,0.064294,0.293544,"7f716a6b0b755754056cff2f029d27f4ec94dfe6cc93f120f3690093731ffef7","640;1954;1959"
8150,-0.139904,0.062463,0.288955,"bd517aec745f5b7065ccf52e5b5fb3307eb8976ec8b2708ef3eda08077ab66f3","0;629;630;632;663;672;1957;1959"
8152,-0.128053,0.061583,0.295737,"aa63ec9f6c53ce0517e6d7abe34c9f085abcb7c34cf66da82663fc91279edcdc","632;672;1959;1961"
8153,-0.128814,0.063213,0.297811,"a973e007e41fec3d41ea334ef308dfa61c8e560dcdf8d5882618f4b04fdeda9d","632;640;1957;1959"
7531,-0.025341,0.066174,0.307546,"8b5b7d73a0fd79966f5957f59b9dde6de61bb7df979c67f146f972c2eed7d47d","1952;1954;1959"
7532,-0.013534,0.065166,0.297646,"f3721b882a2d81498d4cbdee9686a770feb14e258927e45c90102aba582823f5","0;630;1952;1954"
7626,-0.030773,0.065102,0.202495,"0b1296f967ada8173e197272bc9380cde63fbf9993fc43d10529fac09e0c39a9","0;632;1954"
7630,-0.075176,0.064479,0.199838,"0b90f67571dc7137fb5d77358fff66fe8739b71096f8b2c1cfff52c3c2844ddf","696;717;1952;1954;1957;1959;1961;1962"
7637,-0.038231,0.060553,0.204585,"8ddde947b2364fb950e25ea459759b20175615eee1d02d2e6aafa58467f3d071","0;629;1952;1954;1957"
7646,-0.042409,0.063764,0.205712,"6d7b2b83c9ddb7d4ac5cb76cbed6cbfe6ce0ce56cf23fae0f74122b84a1f8ff7","629;630;632;1954;1959"
7653,-0.047057,0.060030,0.205743,"0b32be5d69d7395b36fd56a5bc9da2ec863cff1c87daf795477b70eb12842dff","630;632;1952;1954"
7655,-0.074592,0.056808,0.204580,"d25b4fb492c23ff4a484d2e77de7a15366f7bde3e899246cf0a3ee8025b02579","0;629;630;663;672;696;717;1952;1954"
7659,-0.034953,0.060391,0.209443,"47bec517f288aebc3efb53e7f566ddcf376f7adff7d8ef7d2c267fc48cf781dd","632;1954;1957;1961;1962"
7670,-0.081755,0.061900,0.205705,"8e4ee3944202af52b0c652e729c7b14e6ffd33cfe0d7a6ea5426ea8827f525f1","629;632;640;1954;1957"
7673,-0.031574,0.062244,0.215269,"0582dfe5340a69b976a072c4f5639961724c2e2c61d0c50cccaea7042ca801a0","1952;1954;1957;1962"
7684,0.036368,0.066387,0.225561,"990642e9173268537422d7d60b03b0e5788c86aca9b4058e92eda2003f8c78a8","0;629;630;632;639;1952;1954;1957;1959;1961;1962"
1152,-0.094184,0.064620,0.248240,"98a4c2e196226cef71a3ea12532b18517bce05b878fe058efaef9644a5c0f008","0;629;630;632;663;672;696;717;731;733;1952;1954"
1153,-0.031856,0.062554,0.199212,"7e4578e0ed52cffbc9c4bc8e0b0b77967a81dfef482374caf2d9873d77fc7ec0","640;663;672;733;1952;1954;1959"
1161,-0.042552,0.059942,0.205349,"0912bf5d7a57397b36ed56a4f1b5b260163cb72c81d8b70d4f2f71800ea025f9","630;632;639;731;1952;1954;1957"
1165,-0.071868,0.058462,0.206642,"12de5bbc32c2bf66b404daa32d87a04066bb8fc14099047ff0a73a81359025f9","0;629;630;632;639;640;643;644;663;672;696;717;731;733"
1173,-0.050994,0.057251,0.204941,"1b0170e17498781069603fa33f5fdf26eebdb5cd8eb035c1c7f9a28167864057","630;632;639;643;644;663;731;733;1954;1957;1961"
1174,-0.056233,0.058873,0.205366,"7a12fcec3556d81b8bdd346d1f9fb63896b5b5058d6832ddcbdb79ff5f844e5f","630;639;640;643;696;733;1952"
1175,-0.080809,0.060906,0.202746,"1b9532ffb3963c27bd095f632cfaa4e4b63b9d81f68901efa27f1a831ec4a91f","0;629;630;632;639;643;644;663;672;696;717;731;733;1952;1954;1957"
1176,-0.052337,0.059566,0.203528,"4a8c261c75f8b027b9476e91acac36d48323c31136ad22c70f771a4bc604dfde","0;639;640;663;672;696;1952;1961"
1180,0.012153,0.065344,0.230525,"322072e96f09f841ed20f28b0d8b3450ea9d5f8108b3c5d097f88abb77886386","0;629;630;632;639;663;672;696;717;731;1952"
1181,-0.031513,0.057264,0.213276,"f6fdec0ecf5196ec8bf6adab48ec7f1febd7f3e34c63bee03b50cd3f777ffed6","632;639;640;644;663;731;1954"
1207,0.036490,0.065761,0.253384,"5e5adaa422323e50a98edea74defa35a26f5ede7049184e8d2e7eb83a5f72d53","639;640;663;731;733"
1213,-0.138076,0.061115,0.283955,"bd5c7aef740f7b7075c8f70e734db3317eb816eae8b6650e77e9a08077bb66f1","0;629;630;632;663;672;696;717;1952;1954;1957;1959"
1214,-0.136458,0.060673,0.280362,"07098e95a436ac97e8db4644d06297ef41663bdd95d8f7600c2aff808cf5b9d4","629;630;632;639;640;663;672;696;717;731;733;1952;1954;1957;1961"
1222,0.025294,0.064965,0.258084,"524abafe42c01d36a186cea12da7235266f3adc0488fa26bf1a77e8920f0256b","639;663;733"
1539,-0.041454,0.053871,0.206161,"822072e86e8bf8526d20fa8a8d9f3464ee9d5f8582bfc5d096f88aea778c7389","640;663;731;1954"
1560,-0.048836,0.055540,0.204854,"bb247ae8763bf85b6d62ff9b0f0fb5f0fe9ddfade8b7e5ded2f9aa9377ac62c5","632;639;640;663;672;696"
1704,-0.013482,-0.045897,0.133200,"3f56f8e5f55eff3039eebfa7dd3f97f6fed597efedb261caf7dfef8287ff77f7","0;629;630;632;639;640;672;696;717;1952;1954;1957;1959;1961;1962"
1709,-0.016332,-0.046647,0.135319,"2f577ce5751eff303d4cffa7dd3f9ff4fed597efedb061cef7ffaa8227bf7df7","0;629;630;632;639;640;663;672;696;717;731;733;1952;1954;1957;1959;1961;1962"
1712,0.000038,-0.046455,0.125534,"0f5a7be42556ffb40dcc56e77d5fb7e4b6f595efc59039ece3d9af830fb77d7f","632;639;640;663;672;696;717;733;1952;1959;1961;1962"
1721,-0.023635,-0.045105,0.132144,"0fdb7ae2755cffd0294cfca7df5fb664fed39fe7cda26eecf7fdab8b27fffff7","0;629;630;639;640;663;672;717;733;1952;1954;1957;1959;1961"
1939,-0.118500,0.058115,0.206375,"8fdfac57b0f61fbf12ff5fb5fd7ddbaf977eb57ef7dc2fbf6a7f75c686f7857d","639;640;643;644;663;672;696;717;1959;1961"
1483,0.017592,0.064379,0.300117,"bf5d7ae3ef75ffd4456cfcaf0a1dbf76eed3dff7dd3371e2f7d9aabf57dffcf7","630;632;639;640;643;644;663;672;696;717;733;1952"
1917,-0.037083,0.058081,0.204640,"6ae990ba39d912e48f9da829aeda6696c073ea524e2bcab1bbd1057b520e0f0a","639;640;643;644;1957"
1851,-0.135966,0.057640,0.276900,"2dc9e5f7e452ceb451d95242517895ef4964347f9df86fa80e6bf7c0affff885","630;632;639;640;643;672;696;717;1954;1957"
1853,0.018986,0.063662,0.282977,"090216b370986810fe197770bd8390eca629261c92fc42f184f932c00a810981","0;630;632;639;640;643;731"
1868,0.010954,0.063051,0.298138,"9a5062d347dcb9103d5d5737881c16edec99b79186b471c147799ac3e70d3dd7","639;640;643;644;663;672;696;717;731;733;1952;1957;1962"
1266,0.015394,-0.058411,0.142606,"cc74bd65a96e479a72faa618d637497b91547c2a6944f90aedfb6534c0714632","639;640;1952;1959;1962"
2212,-0.029408,-0.045723,0.136630,"ebd6f9ed777ef9dc7b7dfdbf9dfffef6fedd9fa5a732bcd1f7fdabb7bffefff7","0;629;630;632;639;640;663;672;696;717;1954;1957;1959"
2218,-0.026421,-0.045377,0.132938,"1f1270e2675cfad8294cbda7df5f9764fed99fe78423eccaf6ddabaf37af65f7","0;629;630;632;639;672;696;717;1952;1954;1957;1959;1961"
2223,-0.031894,-0.045476,0.136626,"7b52f8ef7f7cfb9e5b4dfcafffbf9ff4fedfb7cd8f32f5e1d7fdbaabbffe7fff","629;630;632;639;672;696;717;1954;1959;1961;1962"
2237,-0.034802,-0.049373,0.134737,"1f5a696523563bd80dec5ea7595c93a4be559766c5903da8775923872ebf0cf7","639;663;672;696;717;1952;1954;1959;1961;1962"
2243,-0.040760,-0.043372,0.130977,"ab33fcfbfdfcf95bab5db4f7bd9fffffefdbdf95b76fb2e3dfd9baf3df8d5fff","0;629;630;632;639;640;663;672;696;717;1952;1954;1957;1959;1961;1962"
2247,-0.042796,-0.042869,0.128813,"ff5ef4f2ef7cfdd6bb5fbcbf9dbfdf3eefd3ff87bc67fae2d7dbfebbe7ddf7ff","0;629;630;632;639;663;672;696;717;1952;1954;1957;1959;1961;1962"
2251,-0.039263,-0.048296,0.131371,"3a9769c8fd565f7d454ddca70bbdb6e47c9e979dddab758c7b7da4dbbf8efcf7","639;663;672;696;1952;1959"
2719,-0.038296,-0.043672,0.131868,"eb1bf9fd757cfbde1b4dfce7bdbf97f6eefb9fc5af3af4ebd7fdbaabbfdd6dff","0;629;630;632;640;663;672;696;717;1952;1954;1957;1959;1961;1962"
2186,-0.013030,-0.045848,0.133751,"7b52f9ef657cff18294ffde7dd5f9ef4fe9d97af8d36f9c3d7fdaaaf1ffe7ff7","0;629;630;632;639;640;672;696;717;1952;1954;1957;1959;1961;1962"
1498,-0.036375,-0.044274,0.131928,"0f3c72f6e7fcfff2f94effb7bddfb72ceff39fc7a52b2ee2f7ffbfab67fffff7","0;629;630;632;639;640;663;672;696;717;1952;1954;1957;1959;1961;1962"
1518,-0.027751,0.064510,0.198589,"0b3216f966ada9432e197272bc9b94d8e6bd7f9d92bc43d10429bac00c0829a9","630;632;640;663;731;1952"
1527,-0.037430,0.063291,0.202421,"89a216bb6db96803ef555710ad82faefc32bae1c167ca6f1ced15261928cadcc","629;632;639;640;643;663;733;1954;1957"
2025,-0.094546,0.061140,0.167984,"7b316acc6d5ff9586d6cd50e9b9fb670fe9ddfed8823f4dcd7d9aabd37ae7773","639;640;643;644;663;733;1954;1957"
1615,0.102438,0.061712,0.244926,"da3476f9effffc573d6ffeb38d9fb669ef9fff95b4ffe3d2f7fbbacb27dde5d7","630;632;639;640;1962"
1618,-0.131589,0.058310,0.267883,"977f7f42a4e6c79465685b60529cbd3db67e345bd9f1ad602138a08245d3f675","639;640;643;663;672;696;717;1952;1954"
1638,0.038824,0.064830,0.274927,"6220dfad5e0be8482fb0f2c2d5ca144a7aad6ea902f2c7dd9cb86b0425286180","0;632;639;640;733"
1644,0.028435,0.063165,0.273351,"016156896c0be8006c21f3c29d0290d86a8d6ad902b0c5d094a0ba404c8921a0","632;639;640;643;644;663;717;733"
1648,0.030625,0.064348,0.280157,"096142834418610064046f828302d3de6a884aca4fb0e5c084e18241678b6980","640;643;733;1954"
1656,0.008663,0.062426,0.291252,"3bb2ee7d5f5f717977ecf6a76bfd96f5fcbcffa5adfb759ddfefe3d7efac7cd7","639;640;643;663;733;1952"
1657,0.009707,0.063801,0.299551,"3a10665957de7110376df7370a1c16fc6c9cbf918efc75c4576b92c3e70d7cd6","639;640;643;696;717;1952;1957"
1671,-0.200264,0.056634,0.375266,"8772b09a6d15b8d88bf8314f9cde7fafce19175fc666ead017586fae1b3f2bc7","640;643;644;731;1952"
1673,-0.206610,0.056586,0.384185,"764d60e4d706ceba41a0b88a0b2d15127ac515edc82354ce334c87b467fd7200","640;643;644;663;1952;1954"
1690,-0.010301,-0.045715,0.132679,"6b52f9ee6d7cfd1c094ffcbfbf3f9ef4ee93b78fc726f6c3d7fdba8b1fde7f7f","629;630;632;639;640;663;672;696;1952;1954;1959;1961;1962"
1693,-0.023204,-0.044710,0.132036,"2bd3f9ed757ef9dc1b7dfdf79dbfbef6fedd97ada732f8c1f7fdaab79ffe4fff","0;629;630;632;639;640;663;672;696;717;733;1952;1954;1957;1959;1961;1962"
1694,-0.015691,-0.045422,0.132530,"abdf7ae5755eff30396cffa7dd1fb6f5feb597efedb271def7fdaa833fae7df7","0;629;630;632;639;640;696;717;731;733;1952;1954;1957;1959;1961;1962"
2494,-0.040473,-0.049625,0.134258,"23204c8150066859306875c551071a103e8d13ac25d0554c460ba08429802a90","672;696;717;1952;1954;1962"
2495,-0.047918,-0.042707,0.129717,"3f3678e5e75eff7969eebda7dd1f9f7ffed59ff7d5b56dccdffbaab7278f7ff7","629;630;632;639;663;672;696;717;1952;1954;1957;1959;1961;1962"
2510,-0.003220,-0.049241,0.134449,"3bd379eef557dffd094c54ef797db6a4de5b976fcd2a38fc73d9248b1fbefcff","639;640;663;672;696;717;1952;1954;1957;1959;1961;1962"
2519,-0.074345,-0.042776,0.132469,"1f127cf0e75cf9783fcef4a79fbfd675fe93ff8f8d6775c0d7dbfed32f9c6df7","639;663;672;696;1952;1954;1959"
2522,-0.089165,0.062197,0.150743,"b5cf69efbe03cffc5462dbe67369b9607bce16efe9b26d3ff0aea7947dfbf0b0","663;672;696;717"
2485,-0.029473,-0.046367,0.124598,"0ca830292a409b886258f0a1b91a0330ccd154c38e62cf51c4a02a8d59232283","629;632;663;672;696;717;1962"
2132,-0.010138,0.055374,0.257272,"49322fcd6adfb958eefcd4ecfcd7f2e27e3cfb4d8303e65d56292bbc1ea603f1","640;643;644;731;1959"
2141,-0.006874,0.055607,0.259449,"49b2af5d7adfb979f6fdd6e4fdf5dae6763cfb4c8353e75d5e6b6ba89ea425f1","639;640;643;644;1952;1959;1961"
2174,0.028908,-0.197243,0.515636,"7ca4bd72896d518ae3b7a51857f5493f81d6681a1a67fa31dbdb557cc259c622","640;643;644;731"
2183,-0.303304,0.058808,0.511714,"876975d5ee00ecfa88b230c61d6add0b2ec937efe17286c01408efac2df9f3a0","644;672;696;717;731;1952"
1957,-0.034931,0.058148,0.214943,"38e97b6a5ddd53f04304ec0833dd213058f8134a4a2b7a3df3cda039739b76ea","629;632;639;643;644;663;696;731;733;1952;1954;1957;1959"
1974,0.050927,0.065260,0.261451,"e66091e06c0dd848cbbab04a96da4d0ac8915f714a27c2d295988f3e50385383","0;629;630;632;639;640;643;644;731;733;1952;1954"
1976,-0.013290,0.056459,0.252150,"f332138c388900488dc8b1ed26c66754dcb94e650d27c2dd90900bbe592a22f5","643;644;731"
2257,-0.045161,-0.042710,0.129672,"ff1bf8edf75cfb59594cf4bfbf1f97ffeedb97ddbf3ef4eaf7f9aaabbfad7ff7","629;630;632;639;663;672;696;717;1952;1954;1957;1959;1961;1962"
2261,-0.042147,-0.048420,0.130861,"39366a487d7f515b676ffc2f0bbd92b46d9ed78c9dbb759c53df30b3ebcceef7","639;663;672;696;717;1952"
2266,-0.052990,-0.042611,0.130226,"3bb778e8f7dcfb5bab4dbca7bd9ffef6ef9b9fb5972bb0ecffddbeffff8fdfff","629;630;632;639;663;672;696;717;1952;1954;1959;1961;1962"
2274,-0.050524,-0.042797,0.129728,"bb5e70ee67fcfff2794efca7bf1fb774fef39fefed2f64eff7fdaa927fdf75ff","630;632;639;640;663;672;696;717;1952;1954;1959;1961;1962"
2276,-0.055702,-0.042727,0.131123,"bf3e7df9ef5cf97ba9deb4b7bd1f97ffefd9df97f76ff2ecdffbfefb6f8ddff7","0;629;630;632;663;696;717;1952;1954;1959;1962"
2278,-0.052666,-0.048220,0.129957,"874946892852aec42c40d2e7e88e97c4ee457fcecdd64fe834788e820d15399d","663;672;1954;1961;1962"
2279,-0.056077,-0.042975,0.130873,"5f7ef8f2ef3cffd72b4fbdbf9dffdebeefd3ff959723fae2dfddbebbe7dffff7","0;629;630;632;639;696;717;1952;1954;1959;1961;1962"
2280,-0.049993,-0.048134,0.129508,"562a12724bd912c0afa4a2a90eda6090a2f1ef4200418af091900b3b61130703","639;663;672;696;717;1952;1962"
2282,-0.060781,-0.042623,0.131293,"df3e78fbf7dcf95109ccf5e79f1f97efeeb99f97f7eef4ccfff9aecb2f8cedf7","0;629;630;632;639;672;717;1954;1959;1962"
2284,-0.055840,-0.048453,0.130265,"28b15961e48e7c7734257a00512300307a6e164055d851206f89a4c06990d6a9","663;672;696;717;1952;1959;1962"
2291,-0.066035,-0.042571,0.131619,"3f5a78ed675eff7879ecfda7fd1fbff4fef597efc5b07ceed7ffaa977fbf7ff7","0;629;630;632;639;663;672;696;717;1952;1954;1959;1961;1962"
2293,-0.063743,-0.042753,0.131521,"5f5378e1f75efb7079ecb7a7dd3f9eb4fe959fef9db06dccf7d9afc7efae7d77","0;629;630;632;663;672;696;717;1952;1954;1959;1961;1962"
2300,-0.068784,-0.042647,0.132141,"3f7b78eb77dcff7969ccfda7bf1fb6f4fe999fffdfbb74eefffdaed33f8efff7","630;639;663;672;696;717;1952;1954;1959;1961;1962"
2327,-0.061012,0.064498,0.182636,"3a5532e8df779f7f094efc2b0ebe27b4fc9b97a3fca370cef35d8cbf575ebed7","639;663;672;696;717;733;1952;1954;1957;1959;1962"
2352,0.003731,0.061088,0.210287,"0b3072e96d9df9532d69f6a79d1ff66cee99df9586bfe1c0d7f9bae2178c75ff","632;639;640"
2405,-0.096353,0.060938,0.202447,"ccede6ffdfabeeeef6b2cb92e9eb1deb33ff7bef70dddfff7f6ed708a7f3f18a","640;663;672;696;733;1952;1957"
2458,-0.206184,0.057746,0.383200,"2634b19b5ff1b84a1e7345938cde6e28d919939117167ad30f169b6f974d35f6","639;643;663;672;731;733;1952;1954"
2952,-0.031649,-0.044965,0.132730,"2f5ff0f3e55cfff8394cb7a7dd7f9f74ffd3dfefec2368eaffdfaf8707bf67f7","629;630;632;639;663;696;717;1952;1959;1961;1962"
2723,-0.038660,-0.044012,0.131596,"8b9f70faeffdfff6ff5fbcb7bddfbf64eff39f87872f6ef3f7dfbebaf7dcf7ff","0;629;632;639;640;672;696;717;1952;1954;1957;1959;1961;1962"
2962,-0.005636,-0.046905,0.134220,"4fbdf0f2edfdfedbabdcbcab8dffff26eff3df979663fae1ffdd8fff87dfefd7","629;630;632;639;663;672;696;717;731;1952;1954;1957;1959;1961;1962"
2528,-0.103327,0.062085,0.168106,"3a0032a84d95d840cd04e40b0ada36c4f8a9dbe14c2312d893f98a3b530e7a86","639;640;644;663;672;717;731;733"
2589,0.044740,0.069793,0.256452,"01fb9bfbb08d33f43e195040b4d3e060d57b365ac3d8ca35ed9f3fe8180301a9","1952;1954;1957;1961;1962"
2601,-0.097435,0.062375,0.203214,"43b2ff9d781fb96b3ff6f6adfcf6a6fbffbdfe25b5dbf7dd9c375bae8cac25fd","0;629;630;632;663;696;717;1957"
2606,-0.133557,0.056209,0.202959,"bb006be0661bd9506560f7aa1b0fb6707e8c1fac89b725ced2c9a294678e7270","663;696;717;1961"
2614,-0.063503,0.057521,0.200830,"93fe67437612ebf07de052e6790c96657ecd17efe7bc2def3c28aac42f8771fd","663;672;696;717"
2827,-0.064685,0.062238,0.202445,"1a8776de73d0bc67ed0d5eb32cdeaec5a6b38b84768b26fd33781a8b1704ad6f","663;672;696;717;731;733;1952;1959;1961"
2856,-0.011179,0.065410,0.229290,"83607feb6cabe8476d31fbd29d1b9448ee9f7f9d92be41f294b89a8204c9e1a9","629;630;632;639;640;663;717;1952"
3070,-0.089703,0.061562,0.201782,"8ffdfffdfe7fffff7ff3de96f9ff9f617fdffffdf7f0ffff7f7fcfc4bffcf3f5","0;629;630;632;663;672;696;717;731"
3654,-0.013523,0.061926,0.198756,"7a7269614bddb010a56df72f0a1d067cec9dffd58ebaf1c0577898d3630d765f","629;663;672;696;717;731;733;1954;1957"
3662,-0.126414,0.058449,0.165070,"7ef9a6de5fd592e88bdd942f6afc6e8fecf1ffd1de6bfaf55b5bddffd32e7edf","663;672;696;717;731;733"
3676,-0.123998,0.058496,0.178572,"76e9f6ee7e8bfae8efb1f30b6feb7d50feed7fd3cafbcbfd9efacffc77ab7288","663;696;717;1957"
3415,-0.018965,-0.045372,0.133275,"4fd87af067ddff73ef6ebfbf9f9ff6e4ffb5bf8fd53f3cd3dfdffbe75faefd77","629;632;639;663;672;696;717;1952;1957;1959"
3422,-0.058685,-0.048426,0.130793,"121495b98aac30073e1bfa40e4a204e84b36ec101fd8c7618fb6da928840d109","663;672;696;717;1952;1954;1959;1962"
3436,-0.043873,0.063556,0.176518,"500f0da5b48a4d37a4ac9ae5b727904346367d0c6898610ce4e3fe9024c89469","731;733;1952;1954"
2978,-0.052770,-0.048448,0.130382,"5b5b2a8c4d54ffd4ccccd667388cb7e26ce5ffc7cd03f7e8f361ae890e3c3c7f","663;672;696;717;1954;1961;1962"
2920,-0.100833,0.063499,0.252411,"29a640055478612761e76c9ca32092b62bae42ac3438e44faef4522967e4cfcc","644;663;731;1962"
2935,-0.137399,0.060658,0.281832,"d49e1ebb1ae611aabc1f8731d7772a4ba7136db13acd0b3fe9e37a5590012543","629;663;672;696;717;731;733"
2939,-0.191839,0.057847,0.373537,"f020c4155d4b600a72a3e39ac320521a79cc6a8838fed50a1d26d131e508568a","663;672;696;717"
2655,0.026661,0.065763,0.258884,"c75abe5878b4f8caff1f7615148ab778a7012e14a6252257523e32cfd8816907","639;663;733;1954"
2708,0.017107,-0.164066,0.489721,"9bfb70d1659dfcd4bf58b4ffbd9fd63deef9bfcdef6e66f7ffdbfee20f9cf3ff","639;663;672;717;1957"
3218,-0.102678,0.061736,0.168352,"21b1714bf48dc7fd47697d4e9255dc245c9a127cd33a7c952d1c256c5b8ad2f0","663;672;696;731;733"
3224,-0.126048,0.058316,0.165104,"7eb9becc7fd591488bfcb42f6edc6e36ecb1ff51ce23bad1db590bbb532e3fdf","663;672;696;717;731;733"
3225,-0.125728,0.058679,0.165932,"72713be83cc5da7889c8b16d3edd3430deb95d67cf2392ddd3d82bbe5c2a2773","663;672;696;717;731;733"
3402,-0.008455,-0.045977,0.133056,"df1f7ee2f7fff970ad7cb6bf9f1fb6a5aeb1dff5bd2d30f4dfd9ebd73f8d6d77","0;629;630;632;639;640;663;672;696;1952;1954;1957;1959"
2986,-0.071173,-0.042403,0.132141,"3f7e7cebed5cfd7b89ccbde7bd1f96feefd1df9fd7abf2ecdffffed3dfaedff7","663;672;696;717;1952;1954;1959;1961;1962"
2995,-0.095186,0.062886,0.163401,"48f9bdfa99dd13eeaf15ac08aeff62328173f950426bbaf1fbdd147bd200876a","639;640;663;672;696;717;1952;1954;1963"
2731,-0.003361,-0.046270,0.132697,"4b9b7af2edddf9f18d7db6bf9d9ff6edefb3bf95952b3af5dfdbfafb1f8ccd77","629;630;632;639;663;672;696;717;1952;1954;1957;1959;1961;1962"
2733,-0.003067,-0.048072,0.138377,"4b92f8e86f7cfdde1b7ff5bf9d9fd6fcef9dbf859f3ef8d1d7fdfaefbfccedf7","0;629;630;632;639;640;663;672;733;1952;1954;1957;1962;1963"
2736,-0.000790,-0.046521,0.132863,"2f1f7fe1f5dffb70adecb6e79d1fb7a5eeb1dffdb5b931dcffd9abd39f8f5d77","0;630;632;639;663;672;696;717;1952;1954;1957;1959"
2746,-0.041827,-0.047944,0.129224,"283a74a1718e633275026a003d3300b05e37f7008198518e44c730002a8442a9","663;672;696;717;1954"
2754,-0.047145,-0.047883,0.129274,"64b219ba2dc9a1588e7cb15cc6d84a99c900ee111b67da1199d1b3ff580a4e93","663;672;696;1952;1954"
2755,-0.058160,-0.042649,0.130594,"9f7a7cebef5cf97b29ccbdb7bd1fb6f4ee919f9fddab32c4dfdfbed32f8eeff7","0;629;630;632;639;663;672;696;717;1952;1954;1959;1961"
2760,-0.063476,-0.042558,0.131585,"3f7279e1675eff7929ecbdf7dd1f9eb4fe959fbfddb135cef7dfaed7ef8edff7","0;629;630;663;672;696;717;1952;1954;1959;1961;1962"
4577,-0.075437,-0.028193,0.087413,"a5ec4bbf5c83eed81ea0d84275ebb14079eb37cb63f34bff7c86afac5dfa71a0","663;672;696;717;731;733"
4579,-0.043290,0.063677,0.175619,"06bcb6faeda4bcd79f5f1075ecfe7c4b877bbf15b24d9af36f5a5fea9454a5fb","672;696;731;1952;1957"
4582,0.011819,0.061455,0.202886,"322052894d09f8402d20e20b8e8a2450ea994b810cb3c1c095908a3b5508638e","672;696;717"
4599,-0.047499,0.062935,0.199252,"49a09a951d5f612b7ea7a612ae2212c47985eaac28b9f1cfdda79245a304496a","696;717;1952"
4606,-0.057750,0.055000,0.201598,"442d50e9eca9fcd7ed1ab848becb4d52eaa34f535223c2e1f4d82efad4dac3a1","630;639;640;663;672;696;717;731;733;1952;1957"
4609,-0.055941,0.054191,0.198010,"40607eeb6c89f854af19b3008c9e445aee3d7f50822bc2d196f93aba1481a381","663;672;696;717;731"
3089,0.009007,0.065413,0.234777,"72a0c6fc5d8be868efb0e20a63cb7c5678ad6b910ae3c3dd9db2cb1d75287182","0;629;630;632;639;696;717;731;1954;1959;1962"
3099,-0.103019,0.060718,0.204117,"1930af1d49df315376fd4637989482ed6c2cea1c85dcf315576372412a0c3cff","643;663;731;1952"
3104,0.020751,0.067923,0.247487,"76b2979c5dcee0689f9df26762ea6c52f8ed6ec10f63dbdd9db2cb1e19286486","0;629;630;632;663;1952;1954"
3157,0.027877,0.064472,0.280247,"094350a366996900ec146f828d83dac66a080ada46b066e0c4c18240769b6980","640;643;1961"
3160,-0.038147,0.065690,0.273047,"022072e96da9f846ad21f29b8f8b345aee9d7f810cbbc3d097d89a5b158c618a","629;630;632;663;672;733;1954"
3163,-0.111770,0.061507,0.246749,"0b96737b32f43a923f4b57f5fddfbe6cf73b979db79c2cf74e7f3ac29e85a571","0;629;632;639;640;663;672;696;717;731;1952;1954;1957;1959;1961"
3175,-0.115314,0.067064,0.260037,"8d63c5fbe405eed8573a7166d9cbfde97f4837dfc3700ff006d9e7a4bffb7881","731;1952;1954;1957;1959;1961;1962;1963"
3183,-0.275104,0.071651,0.501710,"16975ae3b6ebb2691e215ba34c1ea860371b973132980ddcfc05abc7b4cb9593","663;672;696;717;731;1952;1954"
3185,0.025329,-0.165957,0.492377,"1f1e78e775fffb7229ccbdaffd7fb674fff99fad94b22cffdfddabb297ef67f7","663;672;696;717"
3344,-0.041507,0.064524,0.262583,"023076e96d9bf8532d31f2bb8d9f1468ee9dff9586bec3d097f89acb578c619f","632;639;640;663;696;717;731;733"
3349,0.023007,0.064332,0.296721,"3a71664b4bdd7150257df7270a1c5efd6c98ffd38eb0f3a0576980c3631f7cd7","663;672;696;717;731;1957"
3393,0.007418,-0.164197,0.491413,"4b91fce2fffcf955eb5dbcafbdbffe26ee93bfdd972bf6e1dfd9aeeacfcee5ff","639;640;663;672;696;717"
3452,-0.126303,0.058201,0.164727,"7ebce61edff596ec93f7b49f6afc7f9ff9f3fb93be6bfaf73b57dd7ff77dfede","663;672;696;717;731;733"
3883,0.005852,0.061891,0.202261,"786112ec0d0552488180a90b0bd92590f8a0cbe24c23109c93d1813b732e7e02","663;696;717"
3885,0.020403,0.062168,0.207655,"620052c96d89e840ed20f20a8c0a145aea894f8100bb41c094188a6a55087382","663;672;696;717;731"
3633,-0.096564,0.062101,0.150999,"e5eeaddffcafe7fffebafb5cf6e0d97bf9ee6e1eb3f7cbfbbcbe77bcd0f9f3a9","672;696;717;731;733"
3627,-0.010851,-0.045975,0.132991,"2fd7f9e3f57cffdc397fbdf7dd7fdef7ffd79feff5a378e2fffdefb69ffff7f7","629;639;640;663;672;696;717;1952;1954;1957;1959;1961;1962"
4307,-0.044170,-0.047682,0.129128,"d8800eb90ddd51433665c6188f8302d06884ee082bddf193d7e338112a0c0c58","672;696;717;1952;1954"
4218,-0.105229,0.060979,0.195136,"86edd6ffdd2beeee3fb3fb12edea1d49fbef7fe372ffcbffbffedf05857be38a","632;663;672;717;731;733;1957"
3278,-0.017207,0.064797,0.228591,"8122dea55c7be94f7ea5e6969582924d6a0c6a8c21fef7d6cca3fb052c88e9a8","629;632;672;696;717;733;1954;1959"
3280,-0.013717,0.064263,0.227236,"11a0d79d7e0be8687fa0f242f7eb34417aad6bad00f2c7dd9cbedb4465a861a8","629;630;663;672;696;717;733"
3300,-0.122677,0.058401,0.206948,"102057a94c0be8482f21e242038254526a8d6a9908bbc35094a08a4065087088","639;640;663;731;733"
3309,-0.115679,0.058930,0.208809,"8fdfbe57b2363fbf12ff5fb5fdfddbaf977eb50ff3dcafbf6a7f7d8686f7857d","639;640;663;717;1957"
3500,-0.007028,0.066111,0.230596,"c2607fe96ca9f8466d31fa729c8b1448ee9d7fd182bec3c094b89a820589a189","0;629;630;632;639;663;696;733;1952"
3539,-0.129680,0.056042,0.202371,"b90462e8471bda406520f48a1b0934707a941fac08b745ced3e98215778c7220","663;731;1952;1954;1959"
3584,-0.010585,0.063204,0.285654,"3d1653ec37235a51154af1ef4b4da595fea98426ada3009c92d9219a7faf7295","629;663;696;717;731;1952"
3586,-0.018613,0.066004,0.298526,"f33613ac38294149ad48b1ed06862654dca14e250d2740da90900a3a59282355","629;630;1957;1959"
3597,-0.139918,0.044453,0.161715,"49babffe2d9d79d0ef59b448ffff647287f37f589b6baaf1dbff77faca82032b","663;672;696;717;731;733"
3599,-0.152533,0.048116,0.176651,"45fb9ffe2c8d7ad8eb99b068fedb6872a6717e50834b9af1dbf92ffa4802030b","663;672;696;717;731;733"
3603,-0.115173,0.036850,0.133033,"5d7013ec1b463358ae88ea461c976172e6b57ee803079350d1e40b1e38032333","663;672;696;717;731;733"
3617,0.006133,-0.161761,0.486671,"8bb67ef0a7fffd77ddeeb6bf9fdfb6a5afb3df9db5ed34cefbdbbfd34fccdd77","639;663;672;696;717"
3914,-0.058541,0.058885,0.199033,"37fb41ae72890bf02d4c91ef67c6af343ee95467cf032c7db08429ba3cb70375","663;672;696"
3917,-0.121465,0.059188,0.183196,"36e9f6ffff8bfeecffb3f30befeb7d4bffef7fd3dafbcbfdbffedffff5fbf382","663;672;696;717"
3949,0.018512,0.066167,0.236539,"f67da9dacbf596c48b7eb93f60fc6f3b8df3d9d3fe63baf33b10cdfbd57fb657","0;629;630;663;672;696;717;1952;1954;1957"
3693,-0.073022,0.057676,0.204408,"98686ce14600e89660b01282990b514a228d7bdbc2d485e046c9aa2425917388","0;629;630;632;663;672;696;717;731"
3726,-0.133531,0.056131,0.200427,"7b326be96e1df9506d6cf6e61b1fb7f46e8ddfecc9b3e5d0d6f9a2b83f8c72f5","663;672;733;1952"
3741,0.034621,0.069761,0.273008,"5f33c2a692163a5121c0cbc74dee73d076edbdf79c939ccaba658fc4afa72914","731;1954;1957;1959;1963"
3777,-0.004592,0.061864,0.288820,"09322fc96cdfb958aeecd6ef9d9fe2e66e9cffac87b3f7d05669aabc1f8c37f1","630;632;663;1957;1961"
3793,-0.216204,0.050867,0.241711,"3aa2c69d5a13e86937a5d6e761eeb6c77aadafa50cdbc7dd1e26fb85b7a43cdc","663;672;696;717"
3797,-0.061876,0.061666,0.306275,"00127be16c8ce953881930f6949f744aee111f95832d1040c518ba881c8821b1","630;632;639;640;663;696;1957;1962"
4098,-0.081930,-0.042433,0.133410,"bfbb70ebeffcf97a7bcdbdb79f3fb6f4ee93df9daf236ec6dfdfaed3efdcf7f7","663;672;696;1952;1954;1959;1961;1962"
4100,-0.087454,-0.042552,0.134137,"bf1b78fbefdcfd7cf9ceb4b7bf3fb6f4eeb3ffdd8d6b76e6dfdfeed3bf8cfff7","663;672;717;1952;1954;1959"
3867,-0.090001,0.061926,0.154745,"fd426fe62c0f4f7844eab7ced341997b5ec47c6ee9e76d08d0ebe1946dfb7031","663;672;696;717"
4078,-0.024097,-0.049466,0.135579,"0b977869f576df3b0d6d5fe55d3d9ea4d61f972595987dce6fffad878ec6dcf7","672;696;1952;1954;1961;1962"
4004,0.021854,0.065739,0.255379,"61864c5734ba483275affffce32096f407a6ec0cbcbc65cf86ff10d36f8c5a0d","663;672;696;717;731"
4018,-0.126301,0.057467,0.211050,"4b137ae16f3df8546d4cfeef9d1f96646e91dfcd843365c0d6d9aab92f8f6bd3","663;672;696;717;1952"
4024,-0.000110,0.061431,0.281446,"59726a894e5de9502c6cf6679c9e92ea6e8dff8d81b7f1c0d429aa902f0c7df1","0;629;630;632;640;663;1961"
4034,-0.215771,0.048398,0.241122,"f262628a4a31d8408524d1ab838eb7584e9dcfc10c07c5da9220aab9359f3e5c","663;672;696;717"
4040,0.026845,-0.166402,0.493023,"4fdf79eebd765fbc09ce9ce7fd7f9fe4d7d39defed027dffebffaf8b1ef6ec7f","663;672;696;717"
4273,-0.106880,0.029608,0.119031,"a996e545f41bef3b77e27ae4f36194f57bcc362ce9f8654e2caee584efe852ad","663;672;696;717;731;733"
4282,-0.211575,0.053750,0.244002,"35cf614fdc03cff857e2bcee53619d245fcc56eee9b26d3e380ea5bc7ffb72a5","663;672;696;717"
4283,-0.210256,0.053543,0.243269,"3d57696ffe1b4ff846e0fdee534199b05ecc56eec9326d3e768da5bc7ffb52b1","672;696;717;731"
3632,-0.091750,0.062482,0.148533,"569edfb5fa6a39fbbef2dae2fdf7e95377ffffa1f1d187cfdca66f86a5e025b1","663;672;696;717;1957;1962"
4648,0.022678,0.066059,0.235329,"723253e85d4548488d04e02f0b8b3454e88d4be00d23d0d492f8823e7d0a7696","663;672;696"
4661,0.024288,0.066277,0.241476,"72a09f9c4dcfe168bff4e00b62e26ddaf8ad6ac10f73dbd99db2cb3e192876d6","629;630;632;663;1957"
4667,0.024275,0.066203,0.239883,"f6bdee5e8b71d6eb93d6ac9f6afc7f37bdf3fde3fe63befb3b56c5bff77ff656","629;672;696;717"
4668,-0.032735,0.065236,0.221037,"17eaffef7e8bebe8af90f2e2f7fbbd60fef97fffc0f34ffd9c9eefc4d5aa21a1","672;696;717;1962"
4672,-0.083691,0.061595,0.203086,"78bbfef82bd91168ab3db428eedf621aa6b1ef50026be2d1dbd377fff20a0f6b","0;629;630;672;696;717;1952;1961"
4251,0.009456,0.065282,0.266360,"eb7efc56b3725f9e5bef1fb54b2d96bd8757b54fbdccbdbf6b7f7d934ed7de7d","672;696;717"
4263,-0.086133,0.052880,0.197594,"2634a882dff792ca07ed9d8b005c7facdd9b93919e2378d65f558dff974f5cd6","0;629;630;632;672;696;717;1952;1961"
3962,0.027828,0.065724,0.240125,"69b1b962ddcd439d4225ac0cb3c55830989a005c1b2af811efdd057cd80ac67a","663;672;696;717"
3963,-0.113327,0.060586,0.189467,"c6edd6fffcabeeefbfb3fb12edea5d4bfbef7fe370ffcbffbdbedf4c85fbe188","663;672;696"
3964,-0.101754,0.061005,0.197968,"00a0d69d5a8ba86bbeb1e282a482404beabd6a1d02fbc75d9c325b4404082188","663;672;717;733;1952"
4358,0.020358,0.066801,0.204288,"03a0f7ed7c8be8596fb1f2cabfcfd4687ead7f8d83fbe7dd9edafbc815a861a9","672;696;717"
4396,-0.135287,0.056144,0.171617,"f2006b682c6959416944e18d8b8e3758ca894f240c2734c892b80039508c6756","672;696;717;731"
4399,0.006735,0.065269,0.228166,"7b2076ed6e1ff858ede0f6ab9f9dd476ee9dff8d8cb3e7d0d6f98aba678c73e5","0;632;663;672;717;731;1952"
4807,-0.076540,-0.042503,0.132512,"3f3a7cf1e75dff712dfeb4a7ff7f9634eff1df8f8da379c8ffdbeff3e7aed5f7","672;696;717;1952;1959"
4812,-0.084375,-0.042454,0.133588,"af7b7deb6dfcf974a9ccbdf7fd5f96f6eeb39f9dc5a173ced7ffaed38f9c7ff7","663;696;1961;1962"
4825,0.023641,0.061392,0.206381,"0a0070e16f99f842ed09b00b8d0b540aee815f81822340c096d99abb578c798b","672;696;717"
4545,-0.049632,-0.048102,0.129041,"6830396a2d4d5208e70cb5088e5c0030c851cc430c235ab0d3d1013b52030e02","672;696;717"
4423,-0.123106,0.059806,0.184226,"26edf6fffd0bfeec3fb3fb83edff1d49ffff7fe3f0f3cbfdbffecf87c7ffe387","663;696;717;731"
4424,0.006163,0.065618,0.233698,"7220d7ad4f4be848efb0f24a868a544278ad6e810af3d3d995b08b3d6d087382","0;629;630;632;663;672;696;717;731;1952;1954;1957"
4427,-0.115849,0.059991,0.187269,"36edd6fffeabeeefbfb3fb02efea7d49fbef7ff37afbcbffbcbedf4ef57be18c","663;672;696;717;731;1961"
4468,-0.135978,0.047917,0.161204,"27a6e617df1beee85bb6f5af68e8df9d7beee6a7acf2efff3e1ed5a7f7fc7ac4","663;672;696;717;731;733"
4470,-0.126709,0.045005,0.150231,"36aaee1c4fdbb8e85bf5f4af68e8de167bece3e78e73efdd1e3acdff67ac7ec6","663;672;696;717;731;733"
4324,-0.055819,-0.048385,0.130761,"29bb6d59ddddb5f7cf5df426a8a496a46d2aee08d77a77d57f5936c35b8cecfd","663;696;717;1952;1954"
4341,-0.081931,-0.042455,0.133260,"bf167fe1f7fcff532fedfeb7dd3fd674efb7bf8dbd7371e0dfd9ae9367ddddf7","672;696;717;1962"
4352,-0.070146,-0.026742,0.081174,"01a40bbf5c87ec6f5682ca42f1e33060f9ea2a8863fb1aff75aecf08195871a8","663;672;696;717;731;733"
4519,0.008898,-0.164847,0.492431,"4b94f8fde5fcfd57bb7ff4bf9d3ff66defbf978db57af4d1d7fffaa39fcccfdf","663;696;717"
4611,-0.061298,0.061101,0.202550,"7fb6e844bb56dff813eebcaf6b6d9fb41ff5d527edc32d8e7a5fe5b7effe7e77","0;629;672;696;717;1952;1954;1957"
5288,0.022650,0.066178,0.235492,"322076ed4f0bf848efb0f24b0b8b7442ea9d7fa10ab3d7d597f88bbf77887286","629;663;672;696;717;1961"
5295,-0.076844,0.063217,0.201589,"1a9496b413f410671b1fce122c3f22e7e513b39136db32c79bf75ec38a442d1f","663;672;696;717;731;733;1952;1954;1957;1959;1961;1962"
5671,-0.098437,0.061563,0.167792,"7a217aec4d5bf948ada4f70b0b8f37c0fabddbe10c23a0dcd3d98b3f378e6c42","639;640;663;696;717;731;1952;1954;1957"
4748,0.014973,-0.162789,0.488707,"8fbe7de1f5fff9d78ffebebf9f1fd6acefb3dfbdb5bd75d6ffd9bff7dfccddd7","639;663;672;696;717"
4762,-0.331721,0.057294,0.517506,"76c4e6c4c762feef3bb3ba9b483e5d0bbfd7ddb7fc778dc23a1edfd7a5f5fa0e","672;696;717"
4763,-0.574843,-0.069235,0.551650,"ea38a2984bfdb1478b5d143fac9c668f8d3bf311966fb2d117515aebd70c9fdf","672;696;717"
5032,-0.096496,0.061694,0.169037,"78317aec1dd7d348e5c4e50a1add2f60f8b9dbe30923b0dcd3d9033f732f66f2","672;717;733;1959;1962"
5060,0.001666,0.063684,0.222044,"1a3076e96c1ff8532d69f6a39d9f9668ee9dff8580bbe3d0d6f9bad2078c65ff","629;632;672;717;1952;1954;1957;1961;1963"
5063,-0.063551,0.059251,0.200807,"438c775576acf823e9417ab1ac3c9470a6377305b4b804cf063e1ac2c584435f","672;696;717;1957"
5076,-0.072833,0.058295,0.206389,"5f01efc7a632e91168f05fc6d92edf6a66c53dff95d0adc0d669ea84afe73175","0;629;630;632;639;640;663;672;696;717;731;733;1952;1954;1957;1959"
5080,0.007370,0.066165,0.236337,"84cd9193c4a9aee7bc13eb12e472496b696b4a92723e48e2a5169e68905ba18a","0;630;632;672;696;717;1954"
5089,0.024627,0.065924,0.239971,"77e913aa5bcd53c88b04a90967dc6f36c8b16a564e23fab199d8017b700e666e","663;672;696;717;1954"
5101,0.014915,0.066190,0.239255,"72329f8c4ccfe148affcf26ea68266d2f8ad6e910b63d3dd94b0ab3e59087f93","0;663;672;696;717;1954;1957"
5109,-0.028565,0.064548,0.227516,"85cfd565b40a6fb976a26ac4f3639970736e2c6ef9d04d2eecae2704acfbc020","629;630;663;717;731;1954;1957;1962"
5119,0.014809,0.066964,0.263355,"7906c435373a483375a7e79e6b2192f45ae4ecac2cfc658fceef7011ef8c5a0c","717;731;1961"
4796,-0.064359,-0.048673,0.130915,"02204e490946b04aad50e601c0970616c8047b8808c3d3c047b8821b42046ac2","672;696;1959;1962"
4574,-0.088103,-0.033911,0.105053,"03665bfd4683ec5a1e02fa4279cab4607fe93f89e1b70bfa742eaf883df871a0","663;672;696;717;731;733"
4536,-0.044227,-0.047792,0.128730,"1220ce492842a9022e42b6619013860cc8047d8c0ac143c0c0fe9a930a046b83","672;696;717"
4957,-0.136129,0.058313,0.275582,"7cb5666756787a30a1a57fabeb6d1a973af6f56250f0bcadc6f9c15167ef5ed2","696;717;731;1952;1959"
4966,0.005671,-0.163350,0.492044,"9f3e7ce1b5dffb578fecbcf79f1ff6a4afb99fbdbdb874deefddaff7df8cddf7","663;672;696;717"
5223,-0.094158,0.062868,0.157265,"f510adf72c2e491854fab75cd371197b58c47c6ea9e7f908c1eb6114e8f95030","731;733;1957;1959;1961"
5224,-0.054181,0.063696,0.174385,"3b5172ec351e5b70ad4cfd2f4fdfb3d4feb99767c9a320cc92f9a28b7eaf6a51","663;672;696;717;731;1952"
4778,-0.029637,-0.045979,0.134954,"1f7370e2751dfff829ccb5afdd7f9f74fed1dfe7cd2368ecf7d9afa3279e65f7","629;630;632;639;696;717;1952;1954;1957;1962"
4693,-0.037395,0.059203,0.216323,"7a6132ec1dd55268c504a50b6adb2590f8b1cfe24c2312ddd3d1833b732f7e02","629;672;717;733"
4706,-0.097612,0.062210,0.199862,"03b2df9d7c8fb94bbff1f2afbc9ee65feebdfe1587fbe3dd9c32db7e1c8823fd","663;672;696;717;1959;1961;1962"
4710,-0.030900,0.060733,0.229267,"f6fdec0ecf5196ec8bf6ad8b4aec7f1febd3f3e34c63bef03b50cd3f777ffed6","672;696;717;731"
4712,-0.125658,0.044613,0.149123,"32e36e0c5fdb99498ff4f0ab68cc7602faede3d54e63e6d15e318bbf552e7ed6","663;672;696;717;731;733"
4995,-0.076710,-0.042487,0.132868,"bbfb7cfb6ffcfd7679ceb5b7bf3fb6f4eeb3df8fed6b66e6d7dfaed36fdcfff7","639;663;672;696;717;1952;1954;1959;1962"
5013,-0.091223,0.062227,0.147917,"d6fcb7b6bbeab7eebef3dbb3fcffe94bb777ff0333dd8bf7fcf77f87a471a7fb","663;672;717"
4915,-0.156134,0.055619,0.188049,"723469a81c4b916b0c6498ab931d1000ea95dfa1192b559ff1048af9750816fa","663;672;696;717;731;733"
4926,-0.044535,0.063857,0.253710,"423076e96d9ff8532f79f6a38c9fd47aeebdff9590bae3d097f89ac307847bdf","696;717;731;733"
5192,-0.060897,-0.042620,0.130932,"1f7278e1e75eff7929ecbdb7df1f9e64fe919fb7d53125c4d7ddaed72f8eeff7","0;629;630;632;639;672;696;717;1952;1954;1959;1961;1962"
5205,-0.084912,-0.042613,0.133824,"3b1779f377fcfd5c3fcff4e7df9ff6b5feb39f8d8d7778e0f7dbee836fdc77f7","663;672;696;717;1952;1954;1959;1961;1962"
5539,-0.102600,0.061587,0.197192,"e6edd6ffdd2bfeef3fb3fb1bedeb5d5bfbef7fa37af7dbfbbffedf3fb77bfb82","629;630;632;639;663;733;1957;1961"
5560,0.036141,0.069829,0.271287,"099c13fd30ee69373c0b5a74bf378060a73f1e083198114fcdfe32c08a808139","629;630;632;733;1957;1959"
5591,0.020400,0.061462,0.271509,"090214b1648869107c3177d09d0390cd622c2e9c02dc45c4c4f9fa408e802988","639;640;672;696;717"
5610,-0.038042,0.063298,0.267106,"7220568c4f83e84bafb0e20b8e8a24dae8ad6b810aa3d3d495b08b3f71087b82","632;639;640;696;733"
5326,-0.025453,0.065950,0.232105,"05865565340a6bbb74a27ae4f7639960736c2e2c69d0450fecae270428e041a8","629;630;663;696;717"
5327,-0.017633,0.065708,0.231427,"85efddb3e4e8ee947e737bd4f5239969636e2ade73dcfd63e4aefe40acd381a8","630;639;663;696;717;733;1952;1954;1959;1961"
5355,-0.023175,0.062696,0.246648,"fefde4a4cf6197ed80f2988b40fd598769f7f3e34963dea87d01cdbf657ebef2","0;632;672;717"
5367,-0.125296,0.057309,0.209739,"4b3072c96f5db9506c6cd6af9d1fb2646e91df8c85b3f5c0d779aa980e8c2bf9","663;672;696;717;731"
5409,0.014278,-0.164864,0.493677,"1fbbfff0e5ddfdd7bdddb6ff8dbff6bcefb3df9db7eb36e4ffdffec3c7dcfdf7","663;672;696;717"
5983,0.024679,0.066910,0.200351,"86b8a9b9ccedb1431e3f4113949c7408c91b1311327c7ad34d169b6e900995f2","0;629;640;733;1952;1954;1957;1959;1961"
5990,0.005315,0.065151,0.202297,"0122dffd7c0be84b2eb172c2b58290486a2d6a8d01f8c75c8caafb440c8821a0","629;696;733"
5919,0.041737,0.066988,0.255071,"32797bce5dc5d348cb4cb90b22dd3710f8b9c7e34e233afd731c813b512f76d6","731;733;1954"
6039,-0.088475,0.054729,0.203712,"210d43de5df5c240d540f84232d835e4d8ea124b8daa7ebf073c820a5f2f78ac","629;630;632;663;731;1954;1961"
5969,-0.204446,0.060792,0.390770,"4561f4db6c09e888ef1071888dcadd0bca086a5e4270cef00698426d569b4384","663;696;731;1952"
6384,0.019887,0.066731,0.186023,"1da9d1ff328b6ab836815f62fff389e4377a3cd80bd84bbfecefa7c0bea20929","1954;1957;1959;1961"
6398,-0.062838,0.064383,0.184790,"be14faecf777df7f11effc3f4b3d3ebcdf9b95a5bdaf719efbdf3ddff7fcfed7","663;672;696;717;731;1952;1954;1957;1959;1961;1962"
6459,-0.076902,0.053825,0.203906,"fd04efee0c224b58d482f78253e9b96b7ae43ceaa9e7ad8ad2ebe39025fb7020","629;630;632;639;640;731;733"
5450,-0.018864,0.062599,0.202706,"7a3066414fdf9153276df62f0a1c16bcec9cff958ebaf1d0577990d3630c7ed7","0;629;630;632;640;643;731;733;1952;1954;1957;1959;1961"
5472,-0.026287,0.065832,0.201261,"092216a96dd9b943ed157612ad83d2c46a29ea9c16bc63d146f99a43068c29cc","663;731;1954;1957;1959;1961"
6116,-0.016636,-0.048766,0.133329,"0f5f79e77756bfb02dec5ee5dd3f97e496559f6fc5903dec677d2f870eb70df7","632;639;640;663;672;696;1954;1959;1961;1962"
6121,-0.031043,-0.044358,0.132125,"ab37f9ed757ef9dc9b7df4b79d3fbff7fedf97e5a773f8c9f7f9aab79ffc6fff","0;629;630;632;639;663;672;1952;1954;1959;1961;1962"
6043,-0.095345,0.061679,0.206114,"8fede6fffebbfefe77b25f92f9ef9d617fff7beef2fcafff6eefc704a7f7f1a8","632;639;640;731;733;1959"
5877,-0.004009,0.067157,0.235285,"84ef5b93ecf9afd6ec57ff168d225b4f6b4b4edb73bcf8e2e4b5be418c5bade8","672;731;1952;1959;1961"
5880,-0.002667,0.064735,0.229299,"02a0d6dd7c0be8693fb1f2c2edea5448fabd7fb100fac3dd9cbedb2485a86188","0;629;630;632;731;1954;1957"
6105,-0.018701,-0.045797,0.133466,"3f5770e1751eff503d6cfea7d91f9634fed997e7ccb265cef7ddaa8327bf65f7","0;629;630;632;639;640;663;672;696;717;733;1952;1954;1957;1959;1961;1962"
6141,-0.045354,-0.042787,0.129206,"df547cf3ef7cfddd7d7eb5b7dd3fde7fefd7dfa7b5677de2f7dbfe97e7ddffd7","0;629;632;639;663;672;696;717;1952;1954;1961;1962"
5701,0.017944,0.065777,0.232446,"722076e96f8b7848afa0f28b0f9b3474eebd7fad0cb3c7d097f88abb378c6386","0;629;663;672;696;717;1952;1961;1962"
6204,-0.017224,0.065426,0.197417,"e66152e86c09ed408d20f98a9d8a35c0ea895ffb4033c1c0b4388a38559beb80","663;672;1957"
6207,0.037300,0.067105,0.209945,"2ae9123a7d9592e88f00e90d2ec825908829c3474e2b5abdb0d4093b5a0f1a8e","630;632;639;1952;1954;1957;1959"
6223,0.043461,0.066839,0.223933,"fe6b64458d1b4d3d01a484ab0305d7975accedee4852e588fad9c5bd27bc5e6c","632;639;640;1952;1954;1957;1959"
6254,-0.075810,0.058005,0.209043,"5752cea502226950a0e2d7e75d6f934b36e57def8dd5a5c8d26beb842df72951","0;629;630;632;663;696;733;1954;1961"
6572,-0.005293,-0.046568,0.134661,"6bd2f8fe6d74fd1f0b5ff5bf9d9fdefeef93bf87c726fad1d7fffabf1fdced77","0;629;630;632;663;672;1952;1954;1957;1961"
6586,-0.021196,-0.045484,0.132642,"0b5770e7675eff50296cffa7df5f9764fed59fe785b26de8f7fdaa8327ff65f7","630;632;639;640;663;672;696;717;1952;1954;1957;1959;1961"
6594,-0.033925,-0.044445,0.132219,"1b9670f7677cfbd23d4cfea7dd1f9674ffd39fcf8d3b6de6f7dfae8727dfe5f7","0;629;639;640;663;672;1952;1954;1957;1959;1961"
6606,0.032255,0.065447,0.194342,"37596bee76c7db708544d80370dd3560fef913c7c9a33afd733c8a0a7dbb74fa","630;632;639;640;1952;1959;1962"
6608,0.026100,0.068629,0.208038,"4f9dfcf4a1345fbbabda1c6cfff7ebf79773bd2af440aaebeadf6dbe8af6097f","1952;1954;1957;1959;1961;1962"
6650,-0.051158,0.057866,0.207126,"bc4468e357747b507100f7025b5b19617ab817eae8b6348e77e9a20167af7ca2","630;672;1952;1957;1961"
6568,-0.000437,-0.049864,0.143261,"fb9378ed6f54df39194ef5b7df7f9ef4fe95b7a7cd32f9d7d7fdea8f3faeed77","630;632;640;663;672;696;717;731;1952;1957;1962"
6778,-0.021558,-0.050254,0.137093,"0957296db156cf34744c7c64d80e92a0dc5784e7cdb0710e67a5aa816a36ce57","663;672;717;1959;1962"
6783,-0.019403,-0.049527,0.135252,"0bd36945f556bfbd0d4c5ee5d93d9fe4965d976fc59035ec667f2e830eb69dfd","672;696;717;1954;1959"
6714,-0.013142,0.064455,0.304683,"0b1a7df927fd79136f5d56f7bd1fd66ce61bb715979c77d147f93ac3ae8c0df7","639;672;1952;1954"
6522,0.037439,0.067182,0.285273,"736177ed2c0be8586da0fbc29f8bd450ee8d7fc980b3c5d096f882f2758a6381","0;629;1954;1961"
6580,-0.008152,-0.046185,0.132794,"6fd6f4f6ed5cfdfcab5eb4bffd7fdeffefd3dfafe567fae1dfdbffbe87feefff","0;629;632;639;640;663;672;696;717;1952;1954;1957;1959;1962"
6585,-0.020498,-0.044730,0.131905,"7b52f8ef677cfd5c2b4ffdaffd7fdef4feddbf8dcf32edc3d7fdbaab3ffe6d7f","0;629;630;632;639;640;663;696;717;1952;1954;1957;1959;1961;1962"
6907,-0.062810,0.061589,0.207537,"3b307e690b5779506564d683199d37fe6e9dffad8c93758057f9808327847cf7","1952;1954;1957;1961"
6932,0.097398,0.059555,0.240184,"d7aed6bffeabece9bfb2f2d2efeabd4b7fed7fafa8f7cfdf9cbeef84ade86180","629;639;640;1952;1954;1959;1962"
6969,-0.029056,0.065391,0.283123,"f26052e80d29e84bed00f80b0b8934c0e88d4f810c27c0d093d88a7b73086a86","629;630;640;672;696;717;731;1954"
6737,0.004988,-0.045951,0.127556,"8f1474f7655efc70397ab5b7dd3f9f6fefd5dfa7e47679c2d7dbff8707ec65f7","663;696;717;1952;1954;1957;1959;1961;1962"
7028,-0.008529,-0.046922,0.134281,"6fb4f0e7fd7cfeda2bffbdafcd7fdf76ffd3dfad8462ead3dfdfafbf87fe77f7","639;663;672;1952;1954;1957;1959;1962"
7243,0.029701,0.066791,0.290763,"01635be16e88e8402c31fbc29d8290486a8d6ec90292c5c094a8aac0158b61a0","629;630;639;640;1952;1954;1957;1959;1961;1962"
6861,-0.017457,0.063149,0.203990,"7a3066494bdf5153256df62f0a1c06fcec9cff918cbbf180577990d3630c5e5f","640;1952;1954;1957;1959"
6869,-0.065831,0.063790,0.207337,"16943ada93f032caff554f330cfe2ee4f31b939136893af70b771a4f92452d56","1952;1954;1957;1959;1961;1962"
6881,-0.040779,0.060665,0.204203,"8dcde857b6325fbc50e25f80f9759b21177e35eef1d03d2e6fef6584a7f3d171","0;629;1954"
6894,-0.048584,0.060998,0.209225,"8a983ad931fcb917bd4d5635ac9c26fca5bbbf11b7bc30d7c77f1ac3ca042d7f","630;672;1952;1957;1962"
6797,-0.024289,-0.050071,0.136411,"1917286da176cf3f244e7d84d82e82a0d80384249d90710ae7cdaa816a46cf73","663;672;696;1952;1954;1959;1962"
6798,-0.026816,-0.049861,0.135787,"99102d692952cb18244c77b4d80e9280c801ec87ad547922168baa8169054e71","696;1952;1954;1959;1962"
6799,-0.029916,-0.050046,0.136520,"8b563b48735673785d6c74655c9ca2a45c5c9e6fe5b135dc77f9a0834b862c77","672;696;717;1962"
6757,-0.016199,-0.045052,0.132176,"9f9b7ce1f7dffb71cd7cb7afdf1fb6a5be91dfeff5b93ddcffd9afd75fafdd77","0;630;632;696;1952;1957;1959;1961;1962"
6808,-0.035116,-0.049700,0.134766,"2846086b09549a38600aed40d14e1030dc91c0a38d226f1de3e1aa0951322e00","672;696;717;1952;1954;1959"
6741,-0.011269,-0.045957,0.133885,"cf977ce0adddfd318d7eb7bfdf1fb6a5ef91ffa7d52579d4d7d9ebf71f8ddd77","629;630;632;717;1957;1959;1961;1962"
6753,0.002297,-0.046946,0.131727,"8f1472e7655efe7029ceb7a7cd7f9f65fed59fe7a4b268eef7ddaa8307bf67f7","632;663;696;717;1952;1954;1957;1959;1961;1962"
7103,-0.102205,0.061467,0.193838,"2222d6fd5dcbf84b3fb9f24bae8b7459eabd7f910afbc3d59ffadbef6508638f","672;696;1952;1954;1962"
7105,0.037769,0.068175,0.212272,"ef63e0146d1ccccdfbfa355d4ac8dfbf9cc4f46fc467eec01658e5bc4fbcdac5","1952;1954;1957;1959;1961"
7016,0.004639,-0.046477,0.130766,"5f137ae2675dfb104dccb6afdf5ff7f4be919fef8d3235c0d7d9ab830f8f7d77","0;629;630;639;640;663;696;717;1952;1954;1961"
7004,-0.018335,-0.045577,0.134263,"6bd2f8ee6d54fd1d0b4f7ceffdff9ef4ffddb78dcf36f7c3d7fdbaab1fdeffff","0;629;630;632;639;663;672;696;1954;1957;1959;1961;1962"
7434,-0.031306,0.055675,0.206857,"76b0e70c1f579068c3ecb48f6a7c1f16f8b5fde18c63f5dd1b76c1bf672e7656","0;1952;1954;1957"
7454,0.045734,0.066043,0.228140,"a67831facfe59ac89b1ab11a5cdf6d2bedd1dbf32267faf3dbd90f7e933b23a3","0;629;630;632;639;640;1952;1954;1957;1959;1961;1962;1963"
7471,-0.004952,0.065973,0.233962,"826157e96cabe8472f21fb52858a1448ea8d7b9902bfc3d094b89a401509e188","0;632;663;1952"
7473,0.003468,0.067539,0.238497,"848d909beca8bee7bc131912ecea694feb634a5b76648ae3ed164f68947b8580","630;632;1952;1957"
7491,0.047820,0.069406,0.263887,"1266faa976f3b2ce5e0578a32d88e700ff3b879106b904df7a453ae3d55e2d8f","0;629;1952;1954;1957;1959;1962"
7492,0.058538,0.068305,0.261431,"53f93bc276c4abf0a8489b66349efd60fedd3fdfc313b97d790cabc60d032579","0;629;632;1952;1954;1957;1959"
7845,-0.084425,0.066249,0.204101,"bc406ae44556596041acf70a5b193f71789c97ea68b7058cd3e9c00567af74a2","632;640;1957;1959"
7846,-0.081639,0.062169,0.204930,"0e18bcdf2895b9908e5915a1fcffbf6a8671fb4782012af1473b6a9396a705f3","1957;1961;1963"
7866,-0.094518,0.064246,0.209563,"8fbfefddf83fbdfb3effdef4dcff9fe17f5fffbdf7d5e7ff7e7f6fe49efcabf1","629;1954;1957;1959;1961"
7869,0.043579,0.066514,0.224163,"7ce596e88d4d56efabb4a8080efb6d1b99dbc87258639a90fbd1473fd27acf02","0;629;630;632;639;1952;1957;1959;1961"
7033,-0.021088,-0.045136,0.132349,"1bdefee5775effd0ab7fbde79dbfb6f7eefd9fc7c5b3acd0f7f9abb71ffeeff7","0;629;630;639;640;663;672;696;1952;1954;1957;1959;1961;1962"
7186,0.031808,0.062529,0.223251,"f6fdeb1ecbf597ec9bdfbdbf6afc6f13adf3d7d3fe67baf37b57ddbfd777f65f","0;629;630;1952"
7188,0.045720,0.066099,0.227974,"b669b4faed05decccbb2a00a6edb653be9d15b534a675af0fbd84f3f513b638a","0;629;630;639;1952;1954;1957;1959;1961;1962"
7190,0.039746,0.063996,0.227573,"09ae9cf1a0a82d977e135670bd33c0e9a74f3e1cb3d8c363ccbf7ec48cd089a9","0;629;630;632;1954;1957;1959"
7193,-0.085108,0.057867,0.201201,"429c377c53ecb137e9497a5138bf2470a1b3d380b3a932cf5f7e12cacb40e7bb","629;630;632;639;663;672;696;717;731;733;1952;1954;1957;1959;1961;1962;1963"
7194,0.047150,0.064550,0.228801,"f6a7f36c7a475a7b9ba8b0e96affe51296d5d5b1e84b8ade3adc25bfd5e0663b","1952;1954;1959"
7198,0.062763,0.061583,0.233885,"029d3bbc65ecb167a85d5811bcbe2203a43bb3011269b2c5c5715acb0040a7fb","0;629;630;632;1952;1954;1957;1961"
7206,0.089400,0.062276,0.241414,"dffdf7ffec3dfefebffafffbedffdf7fffdfffeffcf7efe2feffffaaa7ffe57f","0;1952;1954;1957;1961"
7210,0.075539,0.065834,0.233766,"8290ba9965f5b947bf5f5415ac9e664de73bb31196dc32d10f535acb9204addf","630;632;1954;1957"
7344,-0.046208,0.065792,0.185135,"ceb7d4f3a23abcbf3bb73ef7cd2fca8b3757ed14b6588de26ed775c7efdd8d19","1952;1954;1957;1959"
7345,-0.046836,0.066041,0.184972,"8fffd5b7b23a3ebf3bfb1af7ed6ece8fb74fb597f75ccff32e567de6aff6891d","1952;1954;1957;1959;1961;1962"
7349,0.023178,0.069161,0.201440,"1c046eed8672657354c6f7925361bb697aac06ae38b4350ed2ebe20137f9f4e0","1954;1957;1959;1961;1962"
7879,-0.025427,0.064734,0.223883,"83effff7fcabeee77e3bfbfafcbb95d1ef7f7f9ff3fecbf7bc3efec08cd3a1a9","0;696;1957;1961;1962"
7880,0.082983,0.066758,0.238205,"92cf6ebc12829e678404dee7258eb2416ea39fc5ec8b06fdf2a1ae893594bd59","0;1957;1959;1961"
7884,-0.021451,0.065500,0.230995,"812eddbfdc6bed1f7ea76bd69523904d634e6a9c31fc7d7fcca6fa40a4c981a8","629;672;1957;1962"
7903,0.036938,0.069031,0.257960,"0f4cf27d3825deb8958a54e0f9fffdebd77917ada0440e8a6edfedacb7f510a1","1952;1957;1961"
7904,0.057560,0.069146,0.261680,"5bf3f3e1b7567e9d2be99ee79dbfdc66a6d7fdd5d799b1c0fe7caec6ae96a57f","1954;1957;1959"
7909,0.047470,0.068368,0.259491,"2aad705addf1b24b5f0d7d0a28d87684d93a8210123a7af71f1c106bd34edea6","0;629;630;731;1952;1954;1957;1959"
7915,0.047985,0.069107,0.263458,"a2e8ba50cdddb4c7db7f351b0c9c762ba939b311d67eaaf11f195d6b551cdfcf","0;629;630;632;639;1952;1954;1957;1959;1961;1963"
7926,-0.111607,0.068167,0.256167,"abc3209acd95cced5775d51f88c83e85d88a838dde2e4e952f58de7f170cdcc6","1957;1959;1962"
7933,0.003836,0.058409,0.275072,"3b3264ed675e7952276df7a70a1d96ecec9dbf958dfcf1d4d769f2c36f8c7cff","630;663;1957;1961"
7946,-0.115284,0.064964,0.257445,"537302883b91b840af4891efacce67d4eea1dfc5460386dd90708abb1c062b5d","0;629;630;632;1952;1954;1957;1959"
7952,-0.050526,0.069576,0.278759,"423076e16f89f853ad31f2a38d9f544eee9dff9182b9c1d197f89ac307842183","1952;1954;1957;1959;1961"
7955,-0.038320,0.069518,0.292712,"322072e84f23f847ed20f20b8d8b74c4ea9d5f810823d5d097f88a3b778c7b86","629;663;696;1957;1961"
7957,-0.037009,0.066843,0.283850,"f20612e00529e0432d0bb01b0a1824cce8814e811caf40c291d09a5b51087e86","0;629;640;672;1957"
7978,-0.274699,0.073712,0.508380,"9ad74489131fbefd1c2442c74d0e28c5761183e5f0981ddfb5238e44359e9d70","663;672;1952;1954;1957"
7256,-0.014629,0.061566,0.286348,"c9326b4c6abdb959eee8dcec9d95f262462c7b2c8507e75056292bb81e8403f1","629;639;640;672;696;717"
8029,-0.007355,0.069049,0.203895,"48225aa94dd9e940ec25f6068d8212cc6a8cea8c011bf7d094a1ba091e086f80","639;663;696;717;1957;1959;1961"
8030,0.024788,0.068954,0.206453,"4f96f0f4bb145cbbbb9a3c6cedfbeff79741bdacf4418acaeaffefbe8ee4090d","1952;1954;1957;1959;1961;1962"
8032,0.025732,0.068419,0.206441,"189411e991ef033316214b509e3720c4d13a0b181b98591fe9d61256920a8522","1954;1959;1962"
8035,-0.012925,0.060643,0.197462,"1d9eefd3f656ffb0705f57f6593f9f697fce17aef1f83dec7e0fff84aff6f8f1","1954;1957;1959;1961;1962"
8047,-0.023968,0.066656,0.203630,"892052896dd9e973ed44f6968d82b2c46aa8ca8c059bf5c5d6f99a191f8c6dec","629;639;1954;1959;1961"
8059,-0.071616,0.060389,0.206728,"608c0c8d54abe0276c21ea12b322004048a64a8838b8455fb4a69a4030085008","0;629;630;632;1954;1957;1959;1961;1963"
8060,-0.071225,0.058430,0.202575,"09af17f5b48b2037fc897a60bfa1a0c0a22a0e1c33b8000decbc36400a88c1a9","0;629;663;672;696;717;1952;1954;1959;1962"
8080,0.046058,0.065462,0.227898,"78e13a649ddf57edc38cac0a53f97832d8f0c978582b781dfbcd857d733af62a","640;1952;1954;1957;1959;1961;1962"
8088,-0.009317,0.067798,0.240589,"4020d7ed4c8be84bafb1e24a978b14586aad6a9900ffc7dd94b8db4005086188","632;1952;1959;1961"
8094,0.017193,0.068838,0.250586,"72b29f9d4dcfe168bfbcf26fe6c24cdbf8ad6e910b73d3dd9c32cb3e49286f97","1952;1954;1957;1959"
8095,0.034449,0.069676,0.255131,"ff6f44449d1a4eef41a6beae4b6097b65bc4eceeec63ed8eba7fc53feffe5a4c","0;629;630;1952;1954;1959;1961"
7585,-0.046967,0.065766,0.170492,"321471e17566f843096bbb771a3f1450ee9397b199ba51c293dc9a82ad4c7593","1954;1957;1959;1961"
7351,0.031800,0.068225,0.198930,"2a846088d7f1b04b5741d9b308fcbec45b8b93911eba47d71c149acbb74c7cc6","1952;1954;1957;1959;1961;1962"
7353,0.033291,0.067984,0.202001,"33593ace77d79af0854cfd2768dc2764fcb997e3cdb33afd335d8bab3f3f3cdf","639;1952;1954;1957;1959"
7355,0.033465,0.067776,0.202183,"28c931da5dc1e6ef47497802389d34a4e8ba13c1432a22fd375c966a531cd4aa","1952;1957;1959"
7356,0.033586,0.068806,0.205793,"ae70e09a4f5194c813f6851b089c7f8f48c8b3c34e76fee01758df3f7f3ffed6","1952;1954;1957;1959;1961;1962"
7357,0.033958,0.069237,0.207726,"32497bfe5cc1dfe48e04fc0a34dd3520caf913cb4a2b2a7d710c8a39551b74ea","1952;1954;1957;1959;1961"
7373,-0.071664,0.062869,0.195255,"b545674c5d57ef69d5caf3525350bce578a852eee9e7358e31aae10077a870a4","0;629;630;632;640;663;696;717;1952;1954"
7375,0.038820,0.068145,0.214558,"7f16e04513f65aba71eebe8f6b6c1ff47de4fdbdacf6758efb6f8597e7f45e5e","1952;1954;1957;1961;1962"
7378,-0.084857,0.053268,0.196486,"30416bcc54426f7d4580fe0253113060788c13e848b3358c73ada00467aaf4a0","629;632;663;1952;1954;1959"
7385,-0.084839,0.054478,0.199021,"21cd081b5d9dc6ee5f41680a229836a4c94a1249c72a563f2f1c147b5918da8e","663;696;717;1952;1954"
7400,-0.080773,0.064576,0.208170,"cd7778c83cfcfb18eb4cbdac9ed7f76436b8ddfec325b2d2f699a3fc1ea34d71","1952;1954;1959;1961;1962"
7405,-0.048394,0.059807,0.204769,"32323a7923df3813377d56352a9d16fce43db5118edc71d1077b18c3e3843cdf","663;672;717;1952;1957"
7406,-0.075415,0.063205,0.200706,"0c089effe4807d17bf937710fd7b30cb8733370831d813c04eff76008cf0a981","663;696;717;1952;1954;1959"
6992,0.001621,-0.049839,0.142805,"9f1e7fe1b5dffb108decb6ef9d1fb7a7aeb5dfffa5b131ccffd9afd78faf5d77","0;629;632;639;640;663;1952;1954;1959;1962"
6995,0.008238,-0.049173,0.138815,"6f9279e965dcf9b0097cf4ef9d1fb6f4ef9db78f8532f0d0d7f9eaef1f8c4df7","0;630;632;1957;1959;1962"
8450,-0.088120,0.058533,0.203835,"1a94eb5713fe7133754f6e103a3f067031be9d80bb9c316f4b2fb0c3a304e47b","1961;1962;1963"
8476,-0.071571,0.058467,0.203156,"df374ba5b2126b5121e097e75d069b7036855dfdfd91b5cefa6daf842fa72b55","630;672;717;1961;1962"
8485,0.045946,0.066816,0.229172,"02b0ba9bd3e1b84f1f155133acdf6e48f73bb391329c0af70f579a4b900ca5db","0;629;630;1961;1962;1963"
8490,-0.020145,0.064966,0.226975,"85ef9db3f4a9ef943e137bd4f5639949636b2a5e73f04f73ecbe7f4084d381a0","629;630;663;1952;1954;1957;1962"
